{
	"format_version": "1.19.0",
	"minecraft:geometry": [
		{
			"description": {
				"identifier": "geometry.beacon_of_life",
				"texture_width": 128,
				"texture_height": 128,
				"visible_bounds_width": 2,
				"visible_bounds_height": 2.5,
				"visible_bounds_offset": [0, 0.75, 0]
			},
			"bones": [
				{
					"name": "block",
					"pivot": [0, 0, 0],
					"cubes": [
						{"origin": [-6, 0.01, -6], "size": [12, 3, 12], "uv": [0, 32]},
						{"origin": [-5, 3.01, -5], "size": [10, 11, 10], "uv": [38, 37]},
						{"origin": [-8, 0, -8], "size": [16, 16, 16], "uv": [0, 0]}
					]
				}
			]
		}
	]
}