{
	"format_version": "1.8.0",
	"minecraft:client_entity": {
		"description": {
			"identifier": "myname:crab",
			"materials": {
				"default": "axolotl",
				"limbs": "axolotl_limbs"
			},
			"textures": {
				"blue": "textures/entity/crab/blue",
				"cyan": "textures/entity/crab/cyan",
				"gold": "textures/entity/crab/gold",
				"lucy": "textures/entity/crab/lucy",
				"wild": "textures/entity/crab/wild"
			},
			"geometry": {
				"default": "geometry.crab"
			},
			"animations": {
				"idle_float": "animation.crab.idle_underwater",
				"idle_floor": "animation.crab.idle_floor",
				"idle_floor_water": "animation.crab.idle_floor_underwater",
				"swim": "animation.crab.swim",
				"walk_floor": "animation.crab.walk_floor",
				"walk_floor_water": "animation.crab.walk_floor_underwater",
				"play_dead": "animation.crab.play_dead",
				"swim_angle": "animation.crab.swim_angle",
				"look_at_target": "animation.common.look_at_target"
			},
			"scripts": {
				"pre_animation": ["variable.moving = query.ground_speed > 0 || query.vertical_speed > 0;", "variable.pitch = query.body_x_rotation;"]
			},
			"animation_controllers": [
				{
					"general": "controller.animation.axolotl.general"
				},
				{
					"move": "controller.animation.axolotl.move"
				}
			],
			"render_controllers": ["controller.render.axolotl"],
			"spawn_egg": {
				"base_color": "#1e66af",
				"overlay_color": "#eca900"
			}
		}
	}
}