{ "namespace": "settings_common",
  "dynamic_dialog_screen": {
    "type": "screen",
    "button_mappings": [
      { "from_button_id": "button.menu_cancel", "to_button_id": "button.menu_exit", "mapping_type": "global" }
    ],
    "variables": [
      { "requires": "($is_realm_slot or $realm_no_world_edit)", "$screen_background_control": "realms_slots.realms_background" }
    ],
    "$screen_content": "cui-setting_screen.root_contents",
    "$screen_bg_content": "cui-common.menu_screen_background",
    "$header_bar_control": "common.empty_panel",
    "$header_safezone_control": "common.empty_panel",
    "$is_full_screen_layout": false
  },
  "screen_base": {
    "$dialog_content": "cui-setting_screen.dialog_content"
}}