{ "namespace": "cui-ss_globalresource",
  "globalresource_section": {
    "type": "stack_panel",
    "size": [ "100%", "100%c" ],
    "anchor_from": "top_left",
    "anchor_to": "top_left",
    "use_child_anchors": true,
    "$selected_pack_items": "#selected_pack_items_global",
    "$available_pack_items": "#available_pack_items_global",
    "$realms_pack_items": "#realms_pack_items_global",
    "$unowned_pack_items": "#unowned_pack_items_global",
    "$selected_grid_dimensions": "#selected_grid_dimensions_global",
    "$available_grid_dimensions": "#available_grid_dimensions_global",
    "$realms_grid_dimensions": "#realms_grid_dimensions_global",
    "$unowned_grid_dimensions": "#unowned_grid_dimensions_global",
    "$unowned_visible": "#unowned_visible_global",
    "$button.selected_pack": "button.selected_pack_global",
    "$button.deselected_pack": "button.deselected_pack_global",
    "$button.available_pack": "button.available_pack_global",
    "$button.realms_pack": "button.realms_pack_global",
    "$button.unowned_pack": "button.unowned_pack_global",
    "$button.move_left": "button.move_left_global",
    "$button.sort_up": "button.sort_up_global",
    "$button.sort_down": "button.sort_down_global",
    "$button.expand_selected": "button.expand_selected_global",
    "$button.expand_available": "button.expand_available_global",
    "$button.expand_realms": "button.expand_realms_global",
    "$button.expand_unowned": "button.expand_unowned_global",
    "$button.store": "button.store_global",
    "$button.read_toggle": "button.read_toggle_global",
    "$button.report_errors": "button.report_errors_global",
    "$bottom_description_text": "resourcePack.description.bottom.global",
    "$selected_label_text": "resourcePack.selected.title.packs",
    "$available_label_text": "resourcePack.available.title.packs",
    "$unowned_label_text": "resourcePack.suggestedContent.title",
    "$platform_locked": "#platform_locked_global",
    "$view_more_unowned_content_button_text": "resourcePack.suggestedContent.button.viewMore",
    "$default_item_texture": "#default_item_texture_global",
    "$default_item_file_system": "#default_item_file_system_global",
    "$default_item_zip": "#default_item_zip_global",
    "$default_item_title": "resourcePack.vanilla.name",
    "$default_item_description": "resourcePack.vanilla.description",
    "$no_packs_text": "resourcePack.available.none.text",
    "$read_more_label": "read_more_label_global",
    "$read_less_label": "read_less_label_global",
    "$total_size_binding": "#total_size_binding_global",
    "$in_game_error_text": "resourcePack.error.ingame.packs",
    "$invalid_pack_items": "#invalid_pack_items_global",
    "$invalid_grid_dimensions": "#invalid_grid_dimensions_global",
    "$button.invalid_pack": "button.invalid_pack_global",
    "$button.pack_warning": "button.pack_warning_global",
    "$invalid_label_text": "resourcePack.invalid.title.packs",
    "$view_in_store": "resourcePack.description.store",
    "$errors_text": "resourcePack.errors",
    "$warnings_text": "resourcePack.warnings",
    "$expired_text": "resourcePack.realmsPlus.expired",
    "$top_label_box": false,
    "$show_checkbox": false,
    "$button.resource_pack_options_exit": "button.resource_pack_options_exit_global",
    "$button.pack_settings": "button.pack_settings_global",
    "$button.add": "resourcePack.available.add",
    "$button.remove": "resourcePack.selected.remove",
    "$options_slider_name": "content_tier_slider_global",
    "$display_suggested_content_offers": true,
    "$suggested_content_offers_collection": "#suggested_offers_collection_global",
    "$suggested_content_offers_loading_binding": "#suggested_offers_loading_global",
    "$button.more_suggested_content_offers": "button.more_suggested_content_offers_global",
    "$button.select_offer": "button.select_offer_global",
    "$suggested_content_offers_label_text": "#suggested_offers_title_global",
    "$no_available_packs_visibility_binding": "#no_available_packs_visibility_global",
    "$no_realms_packs_visibility_binding": "#no_realms_packs_visibility_global",
    "$no_unowned_packs_visibility_binding": "#no_unowned_packs_visibility_global",
    "$view_more_unowned_content_button_visibility_binding": "#suggested_content_visible_global",
    "bindings": [
      { "binding_type": "view",
        "source_control_name": "global_texture_pack_button_toggle",
        "source_property_name": "#toggle_state",
        "target_property_name": "#visible"
    }],
    "controls": [
      { "pudding_00": { "type": "panel", "size": [ 1, 2 ]}},
      { "title@cui-common.element_background": { "$cuiv:element_background_no_label": false, "$cuiv:header_text": "menu.globalpacks", "$cuiv:header_title": "cui.settings.globalresource.main.description", "$cuiv:element_background_contents": "cui-setting_screen.header_title"}},
      { "pudding_01": { "type": "panel", "size": [ 1, 6 ]}},
      { "@cui-ss_globalresource.tabs_element": {}},
      { "pudding_01": { "type": "panel", "size": [ 1, 2 ]}},
      { "@cui-ss_globalresource.deselected_pack": {}},
      { "@cui-ss_globalresource.selected_pack": {}}
  ]},
  "tabs_element": {
    "type": "stack_panel",
    "orientation": "horizontal",
    "size": [ "100%", 30 ],
    "layer": 1,
    "controls": [
      { "@cui-ss_globalresource.deselected_pack_tab": { "size": [ "fill", 28 ]}},
      { "paddings_01": { "type": "panel", "size": [ 2, 1 ]}},
      { "@cui-ss_globalresource.selected_pack_tab": { "size": [ "fill", 28 ]}}
  ]},
  "tab_content_element": {
    "type": "panel",
    "size": [ "100%", "100%cm" ],
    "ttsSectionContainer": true,
    "controls": [
      { "@cui-ss_globalresource.deselected_pack": {}},
      { "@cui-ss_globalresource.selected_pack": {}}
  ]},
  "deselected_pack@cui-common.element_background": { 
    "$cuiv:element_background_contents": "cui-ss_globalresource.deselected_pack_section",
    "$cuiv:element_background_no_label": true,
    "bindings": [
      { "binding_type": "view",
        "source_control_name": "deselectedpack_navigation",
        "source_property_name": "#toggle_state",
        "target_property_name": "#visible"
  }]},
  "selected_pack@cui-common.element_background": { 
    "$cuiv:element_background_contents": "cui-ss_globalresource.selected_pack_section",
    "$cuiv:element_background_no_label": true,
    "bindings": [
      { "binding_type": "view",
        "source_control_name": "selectedpack_navigation",
        "source_property_name": "#toggle_state",
        "target_property_name": "#visible"
  }]},
  "selected_pack_section": {
    "type": "stack_panel",
    "size": [ "100% - 4px", "100%c" ],
    "orientation": "vertical",
    "use_child_anchors": true,
    "controls": [
      { "pudding_01": { "type": "panel", "size": [ 1, 4 ]}},
      { "note_panel": {
          "type": "image",
          "texture": "textures/ui/.cui-assets/background",
          "size": [ "100% - 8px", "100%cm + 4px" ],
          "color": "$cuigv:TertiaryColor",
          "controls": [
            { "note_label": {
                "type": "label",
                "text": "cui.settings.globalresource.selected.description",
                "layer": 10,
                "size": [ "100% - 8px", "default" ]
            }}
      ]}},
      { "pudding_02": { "type": "panel", "size": [ 1, 4 ]}},
      { "selected_pack_section": {
          "type": "stack_panel",
          "orientation": "vertical",
          "size": [ "100%", "100%c" ],
          "controls": [
            { "offset": {
                "type": "panel",
                "size": [ "100%", "6px" ]
            }},
            { "selected_pack_grid@resource_packs.selected_pack_grid": { "size": [ "100%", "default" ] }}
          ],
          "bindings": [
            { "binding_collection_name": "#selected_pack_items_global",
              "binding_type": "collection",
              "binding_name": "#nothing"
          }]
      }},
      { "pudding_01": { "type": "panel", "size": [ 1, 2 ]}}
  ]},
  "deselected_pack_section": {
    "type": "stack_panel",
    "size": [ "100% - 4px", "100%c" ],
    "orientation": "vertical",
    "use_child_anchors": true,
    "controls": [
      { "pudding_01": { "type": "panel", "size": [ 1, 4 ]}},
      { "note_panel": {
          "type": "image",
          "texture": "textures/ui/.cui-assets/background",
          "size": [ "100% - 8px", "100%cm + 4px" ],
          "color": "$cuigv:TertiaryColor",
          "controls": [
            { "note_label": {
                "type": "label",
                "text": "cui.settings.globalresource.deselected.description",
                "layer": 10,
                "size": [ "100% - 8px", "default" ]
            }}
      ]}},
      { "pudding_02": { "type": "panel", "size": [ 1, 4 ]}},
      { "available_packs_section": {
          "type": "stack_panel",
          "orientation": "vertical",
          "size": [ "100%", "100%c" ],
          "controls": [
            { "offset": {
                "type": "panel",
                "size": [ "100%", "6px" ]
            }},
            { "available_pack_grid@resource_packs.available_pack_grid": {
                "size": [ "100%", "default" ],
                "$available_grid_visible_binding_name": "(not $no_available_packs_visibility_binding)",
                "$available_grid_visible_binding_type": "global"
            }},
            { "invalid_pack_grid@resource_packs.invalid_pack_grid": {
                "size": [ "100%", "default" ]
          }}],
          "bindings": [
            { "binding_collection_name": "$available_pack_items",
              "binding_name": "#ehlmao",
              "binding_type": "collection"
          }]
      }},
      { "pudding_01": { "type": "panel", "size": [ 1, 2 ]}}
  ]},
  "adv_tab_content": {
    "type": "panel",
    "controls": [
      { "text_section": {
          "type": "panel",
          "controls": [
            { "label": {
                "type": "label",
                "shadow": false,
                "layer": 3,
                "color": "$text_color",
                "text": "$cuiv:tab_name"
            }}
      ]}}
  ]},
  "top_tab@cui-play_screen.top_tab": {
    "$cuiv:tab_content": "cui-ss_globalresource.adv_tab_content",
    "$toggle_group_default_selected": 0,
    "$toggle_name": "globalresource"
  },
  "deselected_pack_tab@cui-ss_globalresource.top_tab": {
    "$tab_view_binding_name": "deselectedpack_navigation",
    "$cuiv:tab_name": "cui.settings.globalresource.deselected.title",
    "$toggle_group_forced_index": 0
  },
  "selected_pack_tab@cui-ss_globalresource.top_tab": {
    "$tab_view_binding_name": "selectedpack_navigation",
    "$cuiv:tab_name": "cui.settings.globalresource.selected.title",
    "$toggle_group_forced_index": 1
  }
}