{ "namespace": "cui-play_screen",
  "root_contents": {
    "type": "panel",
    "controls": [
      { "@cui-play_screen.tab_element": { "layer": 10 }},
      { "@cui-play_screen.play_screen_panel": {}},
      { "popup_dialog_factory": {
          "type": "factory",
          "control_ids": {
            "join_by_code": "@play.popup_dialog_join_by_code"
      }}}
  ]},
  "play_screen_panel": {
    "type": "panel",
    "size": [ "100% - 85px", "100%" ],
    "offset": [ 0, 0 ],
    "animation_reset_name": "screen_animation_reset",
    "$cuiv-anim:pos_from": [ "25%", 0 ],
    "$cuiv-anim:pos_to": [ 0, 0 ],
    "anims": [
      "@cui-anims.screen_outro_anim_push",
      "@cui-anims.screen_outro_anim_pop",
      "@cui-anims.screen_intro_anim_push",
      "@cui-anims.screen_intro_anim_pop"
    ],
    "controls": [
      { "tab_content_panel@cui-play_screen.tab_content_element": { "layer": 2 }}
  ]},
  "tab_element": {
    "type": "panel",
    "controls": [
      { "@cui-common.title_core": {
          "$cuiv:title_text": "menu.play"
      }},
      { "gamepad_tooltips@gamepad_tooltips": {}},
      { "tabs_element": {
          "type": "stack_panel",
          "orientation": "horizontal",
          "size": [ "100%c", 40 ],
          "offset": [ -14, 4 ],
          "layer": 1,
          "anchor_from": "top_right",
          "anchor_to": "top_right",
          "$cuiv-anim:pos_from": [ -14, -50 ],
          "$cuiv-anim:pos_to": [ -14, 4 ],
          "animation_reset_name": "screen_animation_reset",
          "anims": [
            "@cui-anims.screen_outro_anim_push",
            "@cui-anims.screen_outro_anim_pop",
            "@cui-anims.screen_intro_anim_push",
            "@cui-anims.screen_intro_anim_pop"
          ],
          "controls": [
            { "gamepad_tooltip_lb@cui-gamepad.gamepad_tooltip_lb": {}},
            { "edit_mode@cui-play_screen.edit_mode": { "size": [ 28, 28 ]}},
            { "paddings_00": { "type": "panel", "size": [ 2, 1 ]}},
            { "world_navigation_tab@cui-play_screen.world_navigation_tab": { "size": [ 65, 28 ]}},
            { "paddings_01": { "type": "panel", "size": [ 2, 1 ]}},
            { "friends_navigation_tab@cui-play_screen.friends_navigation_tab": { "size": [ 65, 28 ]}},
            { "paddings_02": { "type": "panel", "size": [ 2, 1 ]}},
            { "server_navigation_tab@cui-play_screen.server_navigation_tab": { "size": [ 65, 28 ]}},
            { "gamepad_tooltip_rb@cui-gamepad.gamepad_tooltip_rb": {}}
      ]}}
  ]},
  "general_scroll_contents": {
    "type": "input_panel",
    "anchor_from": "top_left",
    "anchor_to": "top_left",
    "focus_container": true,
    "use_last_focus": true,
    "$cuiv-anim:pos_from": [ "-30%", 0 ],
    "$cuiv-anim:pos_to": [ 0, 0 ],
    "focus_navigation_mode_down": "contained",
    "focus_navigation_mode_up": "contained",
    "focus_navigation_mode_right": "contained",
    "focus_navigation_mode_left": "contained",
    "controls": [
      { "scrolling_panel@cui-play_screen.common_scrolling_panel": {
          "size": [ "100% - 4px", "100% - 4px" ],
          "offset": [ 2, 2 ],
          "anchor_from": "top_left",
          "anchor_to": "top_left",
          "layer": 1,
          "$scrolling_content|default": "cui-play_screen.test_scroll_panel"
      }}
  ]},
  "tab_content_element": {
    "type": "input_panel",
    "size": [ "100%", "100%" ],
    "ttsSectionContainer": true,
    "controls": [
      { "worlds_tab_content@cui-play_screen.worlds_tab_content_panel": {} },
      { "friends_tab_content@cui-play_screen.friends_tab_content_panel": {} },
      { "server_tab_content@cui-play_screen.server_tab_content_panel": {} }
  ]},
  "worlds_tab_content_panel@common_tab_content_panel": {
    "$visible_bind_toggle_source_control": "world_navigation_tab_toggle",
    "$scroll_tab_content": "cui-worlds_section.root_contents"
  },
  "friends_tab_content_panel@common_tab_content_panel": {
    "$visible_bind_toggle_source_control": "friends_navigation_tab_toggle",
    "$scroll_tab_content": "cui-friends_section.root_contents"
  },
  "server_tab_content_panel@common_tab_content_panel": {
    "$visible_bind_toggle_source_control": "server_navigation_tab_toggle",
    "$scroll_tab_content": "cui-servers_section.root_contents"
  },
  "common_tab_content_panel": {
    "type": "panel",
    "controls": [
      { "content@$scroll_tab_content": {
          "layer": 2,
          "anchor_from": "bottom_middle",
          "anchor_to": "bottom_middle",
          "size": [ "100%", "100% - 38px" ],
          "offset": [ 0, 0 ],
          "ttsSectionContainer": true
    }}],
    "bindings": [
      { "binding_type": "view",
        "source_control_name": "$visible_bind_toggle_source_control",
        "source_property_name": "#toggle_state",
        "target_property_name": "#visible"
  }]},
  "gamepad_tooltips": {
    "type": "stack_panel",
    "orientation": "horizontal",
    "size": [ "100%c", 15 ],
    "anchor_from": "bottom_left",
    "anchor_to": "bottom_left",
    "offset": [ 4, -10 ],
    "layer": 20,
    "use_child_anchors": false,
    "controls": [
      { "gamepad_tooltip_a@cui-gamepad.gamepad_tooltip_a": {}},
      { "gamepad_tooltip_b@cui-gamepad.gamepad_tooltip_b": {
          "ignored": "(not $can_quit)"
      }},
      { "gamepad_tooltip_rb@cui-gamepad.gamepad_tooltip": {
          "ignored": true,
          "$cuiv:icon_texture": "textures/ui/.cui-assets/.controller/start",
          "$cuiv:gamepad_no_bindings_description": true,
          "$icon_description_bind": "Toggle \"Edit Mode\""
      }}
  ]},
  "common_scrolling_panel@common.scrolling_panel": {
    "layer": 1,
    "$scrolling_pane_size": [ "100% - 1px", "100%" ],
    "$scroll_size": [ 5, "100% - 4px" ],
    "$show_background": false,
    "anchor_from": "top_right",
    "anchor_to": "top_right"
  },
  "adv_tab_content": {
    "type": "panel",
    "$cuiv:play_icon_texture|default": "",
    "controls": [
      { "text_section": {
          "type": "panel",
          "controls": [
            { "label": {
                "type": "label",
                "shadow": false,
                "layer": 3,
                "font_type": "dainbold",
                "font_scale_factor": 1,
                "color": "$text_color",
                "text": "$cuiv:tab_name",
                "anchor_from": "bottom_left",
                "anchor_to": "bottom_left",
                "offset": [ 2, -2 ]
            }},
            { "count": {
                "type": "label",
                "shadow": false,
                "layer": 3,
                "font_type": "dainbold",
                "font_scale_factor": 1,
                "color": "$text_color",
                "text": "$cuiv:count_text_name",
                "anchor_from": "bottom_right",
                "anchor_to": "bottom_right",
                "offset": [ -2, -2 ],
                "bindings": [{ "binding_name": "$cuiv:count_text_name" }]
            }}
      ]}},
      { "icons": {
          "type": "image",
          "texture": "$cuiv:play_icon_texture",
          "size": [ 8, 8 ],
          "layer": 3,
          "color": "$text_color",
          "offset": [ -2, 2 ],
          "anchor_from": "top_right",
          "anchor_to": "top_right"
      }}
  ]},
  "icon_tab_content": {
    "type": "image",
    "texture": "$cuiv:play_icon_texture",
    "size": [ 16, 16 ],
    "layer": 3,
    "color": "$text_color"
  },
  "top_tab@cui-button.tab_button": {
    "$radio_toggle_group": true,
    "$toggle_tts_enabled_binding_type": "global",
    "$toggle_name": "navigation_tab",
    "$toggle_group_default_selected": "$default_tab",
    "anchor_to": "top_left",
    "anchor_from": "top_left",
    "$toggle_tts_type_priority": 1001,
    "$toggle_tts_toggle_on_text": "",
    "$toggle_tts_toggle_off_text": "",
    "$toggle_tts_index_priority": 1002,
    "$cuiv:tab_content": "cui-play_screen.adv_tab_content"
  },
  "world_navigation_tab@cui-play_screen.top_tab": {
    "$tab_view_binding_name": "world_navigation_tab_toggle",
    "$cuiv:count_text_name": "#world_item_count",
    "$cuiv:tab_name": "selectWorld.tab.worlds",
    "$toggle_group_forced_index": 0,
    "$cuiv:play_icon_texture": "textures/ui/.cui-assets/.icons/worlds_icon",
    "variables": [
      { "requires": "$is_editor_mode_enabled",
        "$cuiv:tab_name": "playscreen.editor.worlds"
      }
  ]},
  "friends_navigation_tab@cui-play_screen.top_tab": {
    "$tab_view_binding_name": "friends_navigation_tab_toggle",
    "$cuiv:count_text_name": "#friend_world_item_count",
    "$cuiv:tab_name": "selectWorld.tab.friends",
    "$toggle_group_forced_index": 1,
    "$cuiv:play_icon_texture": "textures/ui/.cui-assets/.icons/friends_icon"
  },
  "server_navigation_tab@cui-play_screen.top_tab": {
    "$tab_view_binding_name": "server_navigation_tab_toggle",
    "$cuiv:count_text_name": "#server_world_item_count",
    "$cuiv:tab_name": "selectWorld.tab.thirdParty",
    "$toggle_group_forced_index": 2,
    "$cuiv:play_icon_texture": "textures/ui/.cui-assets/.icons/servers_icon"
  },
  "edit_mode@cui-toggle.toggle_button": {
    "size": [ 28, 28 ],
    "$cuiv:toggle_texture": "textures/ui/.cui-assets/.icons/edit_icon",
    "$cuiv:button_type_panel": "cui-toggle.toggle_button_core_only_image",
    "$cuiv:toggle_texture_offset": [ 0, 0 ],
    "$toggle_view_binding_name": "cuib-edit_mode",
    "$toggle_name": "editmode",
    "$button_mappings": [
      { "from_button_id": "button.controller_start",
        "to_button_id": "button.controller_start",
        "mapping_type": "global"
      },
      { "from_button_id": "button.scoreboard",
        "to_button_id": "button.scoreboard",
        "mapping_type": "global"
      },
      { "from_button_id": "button.menu_select",
        "to_button_id": "button.menu_select",
        "mapping_type": "pressed"
    }]
}}