{
  "namespace": "cui-chat_screen",
  "root_contents": {
    "type": "panel",
    "controls": [
      { "@cui-common.title_core": { "$cuiv:title_text": "chat.title" } },
      { "@cui-chat_screen.textbox": {} },
      { "@cui-chat_screen.chat_bottom_panel": {} },
      { "@chat.commands_panel": {} },
      { "@cui-chat_screen.messages_scrolling_panel": {} },
      { "@cui-chat_screen.chat_header": {} },
      { "@cui-chat_screen.chat_background": {} },
      { "host_main_panel@host_options.host_panel": { "layer": 4 } },
      { "popup_factory@chat_settings.popup_factory": {} }
    ]
  },
  "chat_bottom_panel": {
    "type": "stack_panel",
    "orientation": "horizontal",
    "anchor_from": "bottom_middle",
    "anchor_to": "bottom_middle",
    "size": [ "100%", 24 ],
    "min_size": [ "100%", 24 ],
    "$cuiv-anim:pos_from": [ 0, 50 ],
    "$cuiv-anim:pos_to": [ 0, 0 ],
    "animation_reset_name": "screen_animation_reset",
    "anims": [
      "@cui-anims.screen_outro_anim_push",
      "@cui-anims.screen_outro_anim_pop",
      "@cui-anims.screen_intro_anim_push",
      "@cui-anims.screen_intro_anim_pop"
    ],
    "controls": [
      { "host_main_button@cui-chat_screen.host_main_button": { "ignored": "$is_pregame", "$focus_override_up": "coordinate_dropdown_focus_id" } },
      { "padding_00": { "type": "panel", "size": [ 2, 1 ] } },
      { "chat_settings@cui-chat_screen.chat_settings_button": {} },
      { "padding_01": { "type": "panel", "size": [ 2, 1 ] } },
      { "msg_previous@cui-chat_screen.msg_previous": {} },
      { "padding_02": { "type": "panel", "size": [ 2, 1 ] } },
      { "msg_next@cui-chat_screen.msg_next": {} },
      { "padding_03": { "type": "panel", "size": [ 2, 1 ] } },
      { "ac_previous@cui-chat_screen.ac_previous": {} },
      { "padding_04": { "type": "panel", "size": [ 2, 1 ] } },
      { "ac_next@cui-chat_screen.ac_next": {} },
      { "padding_05": { "type": "panel", "size": [ 2, 1 ] } },
      { "send_button@cui-chat_screen.send_button": { "offset": [ -20, 0 ] } }
    ]
  },
  "textbox": {
    "type": "panel",
    "size": [ "100%", 14 ],
    "anchor_from": "bottom_middle",
    "anchor_to": "bottom_middle",
    "offset": [ 0, -27 ],
    "$cuiv-anim:pos_from": [ 0, 23 ],
    "$cuiv-anim:pos_to": [ 0, -27 ],
    "animation_reset_name": "screen_animation_reset",
    "anims": [
      "@cui-anims.screen_outro_anim_push",
      "@cui-anims.screen_outro_anim_pop",
      "@cui-anims.screen_intro_anim_push",
      "@cui-anims.screen_intro_anim_pop"
    ],
    "controls": [
      { "text_box@cui-chat_screen.text_edit_box": {} }
    ]
  },
  "text_edit_box@cui-common.text_box": {
    "$cuiv:text_edit_box_content_binding_name": "#message_text_box_content",
    "$cuiv:placeholder_text": "",
    "$cuiv:text_box_name": "#message_text_box",
    "size": [ "100%", 14 ],
    "max_length": "$max_text_edit_length",
    "always_listening": true,
    "default_focus_precedence": 1,
    "$focus_id": "text_edit_box_focus_id",
    "$focus_override_left": "chat_settings_button_focus_id",
    "$text_box_tts_header": "accessibility.chat.tts.textboxTitle",
    "$text_edit_box_hovered_button_id": "button.text_edit_box_hovered",
    "$text_edit_box_clear_from_button_id": "button.menu_clear",
    "$text_edit_box_clear_to_button_id": "button.text_edit_box_clear",
    "$text_edit_box_clear_scope": "view",
    "$text_edit_box_selected_to_button_id": "button.text_edit_box_selected",
    "$text_edit_box_deselected_to_button_id": "button.text_edit_box_deselected",
    "button_mappings": [
      { "from_button_id": "button.menu_select", "to_button_id": "$text_edit_box_selected_to_button_id", "handle_select": true, "handle_deselect": false, "mapping_type": "pressed" },
      { "from_button_id": "button.menu_select", "to_button_id": "$text_edit_box_selected_to_button_id", "handle_select": false, "handle_deselect": true, "mapping_type": "global", "consume_event": false },
      { "from_button_id": "button.menu_ok", "to_button_id": "$text_edit_box_selected_to_button_id", "handle_select": true, "handle_deselect": true, "mapping_type": "pressed" },
      { "from_button_id": "button.menu_ok", "to_button_id": "$text_edit_box_selected_to_button_id", "handle_select": false, "handle_deselect": true, "mapping_type": "global" },
      { "from_button_id": "button.menu_cancel", "to_button_id": "$text_edit_box_deselected_to_button_id", "handle_select": false, "handle_deselect": true, "mapping_type": "global" },
      { "to_button_id": "$text_edit_box_hovered_button_id", "mapping_type": "pressed" },
      { "from_button_id": "$text_edit_box_clear_from_button_id", "to_button_id": "$text_edit_box_clear_to_button_id", "handle_select": false, "handle_deselect": false, "mapping_type": "focused" },
      { "from_button_id": "button.menu_autocomplete", "to_button_id": "button.chat_autocomplete", "handle_select": true, "handle_deselect": false, "mapping_type": "global" },
      { "from_button_id": "button.menu_autocomplete_back", "to_button_id": "button.chat_autocomplete_back", "handle_select": true, "handle_deselect": false, "mapping_type": "global" },
      { "from_button_id": "button.menu_textedit_up", "to_button_id": "button.chat_previous_message", "handle_select": true, "handle_deselect": false, "mapping_type": "focused" },
      { "from_button_id": "button.menu_textedit_down", "to_button_id": "button.chat_next_message", "handle_select": true, "handle_deselect": false, "mapping_type": "focused" },
      { "from_button_id": "button.controller_select", "to_button_id": "button.send", "mapping_type": "global", "handle_select": false, "handle_deselect": false },
      { "from_button_id": "button.controller_start", "to_button_id": "button.send", "mapping_type": "global", "handle_select": false, "handle_deselect": false },
      { "from_button_id": "button.controller_autocomplete", "to_button_id": "button.chat_autocomplete", "handle_select": false, "handle_deselect": false, "mapping_type": "global" },
      { "from_button_id": "button.controller_autocomplete_back", "to_button_id": "button.chat_autocomplete_back", "handle_select": false, "handle_deselect": false, "mapping_type": "global" },
      { "from_button_id": "button.controller_textedit_up", "to_button_id": "button.chat_previous_message", "handle_select": false, "handle_deselect": false, "mapping_type": "focused" },
      { "from_button_id": "button.controller_textedit_down", "to_button_id": "button.chat_next_message", "handle_select": false, "handle_deselect": false, "mapping_type": "focused" },
      { "from_button_id": "button.controller_secondary_select", "to_button_id": "button.chat_paste_coordinates", "handle_select": true, "handle_deselect": false, "mapping_type": "global" }
    ]
  },
  "chat_background": {
    "type": "image",
    "texture": "textures/ui/.cui-assets/background",
    "size": [ "100% - 24px", "100% - 78px" ],
    "alpha": "$cuigv:BackgroundAlpha",
    "layer": -80,
    "offset": [ 0, -4 ],
    "color": "$cuigv:SecondaryColor",
    "$cuiv-anim:pos_from": [ 0, 46 ],
    "$cuiv-anim:pos_to": [ 0, -4 ],
    "animation_reset_name": "screen_animation_reset",
    "anims": [
      "@cui-anims.screen_outro_anim_push",
      "@cui-anims.screen_outro_anim_pop",
      "@cui-anims.screen_intro_anim_push",
      "@cui-anims.screen_intro_anim_pop"
    ]
  },
  "messages_scrolling_panel@common.scrolling_panel": {
    "type": "panel",
    "size": [ "100% - 30px", "100% - 82px" ],
    "anchor_from": "top_middle",
    "anchor_to": "top_middle",
    "offset": [ 0, 38 ],
    "layer": 1,
    "$scrolling_content": "chat.messages_stack_panel",
    "$scroll_size": [ 5, "100%-4px" ],
    "$cuiv-anim:pos_from": [ 0, 88 ],
    "$cuiv-anim:pos_to": [ 0, 38 ],
    "animation_reset_name": "screen_animation_reset",
    "anims": [
      "@cui-anims.screen_outro_anim_push",
      "@cui-anims.screen_outro_anim_pop",
      "@cui-anims.screen_intro_anim_push",
      "@cui-anims.screen_intro_anim_pop"
    ],
    "$jump_to_bottom_on_update": true,
    "$show_background": false,
    "$always_handle_scrolling": true
  },
  "host_main_button@cui-button.text_button": {
    "$pressed_button_name": "button.host_toggle",
    "size": [ 24, 24 ],
    "$focus_id": "host_main_button_focus_id",
    "$cuiv:button_type_panel": "host_options.host_image_panel",
    "bindings": [
      { "binding_name": "#cheats_on", "binding_name_override": "#visible" },
      { "binding_name": "#host_main_button_focus_override_up", "binding_name_override": "#focus_change_up" },
      { "binding_name": "#host_main_button_focus_override_down", "binding_name_override": "#focus_change_down" }
    ]
  },
  "send_button@cui-button.text_button": {
    "$pressed_button_name": "button.send",
    "size": [ 44, 22 ],
    "$tts_enabled|default": true,
    "focus_enabled": "$tts_enabled",
    "$focus_id": "send_button_focus_id",
    "$focus_override_up": "paste_button_focus_id",
    "$cuiv:button_type_panel": "chat.send_panel",
    "$button_tts_header": "#send_button_accessibility_text",
    "bindings": [
      { "binding_name": "#send_button_visible", "binding_name_override": "#enabled" },
      { "binding_name": "#send_button_accessibility_text" }
    ]
  },
  "chat_settings_button@cui-button.text_button": {
    "size": [ 24, 24 ],
    "$pressed_button_name": "button.open_chat_settings",
    "$focus_id": "chat_settings_button_focus_id",
    "$focus_override_up": "coordinate_dropdown_focus_id",
    "$button_tts_header": "chat.settings",
    "$cuiv:button_type_panel": "cui-start_screen.button_label",
    "$cuiv:hover_button_color": "$cuigv:PrimaryColor",
    "$cuiv:pressed_button_color": "$cuigv:PrimaryColor",
    "$cuiv:button_image_texture": "textures/ui/gear"
  },
  "ac_previous@cui-button.text_button": {
    "size": [ "fill", 24 ],
    "$pressed_button_name": "button.chat_autocomplete_back",
    "$cuiv:button_type_panel": "cui-start_screen.button_label",
    "$cuiv:hover_button_color": "$cuigv:PrimaryColor",
    "$cuiv:pressed_button_color": "$cuigv:PrimaryColor",
    "$cuiv:button_image_texture": "textures/ui/.cui-assets/.icons/chat/ac_previous"
  },
  "ac_next@cui-button.text_button": {
    "size": [ "fill", 24 ],
    "$pressed_button_name": "button.chat_autocomplete",
    "$cuiv:button_type_panel": "cui-start_screen.button_label",
    "$cuiv:hover_button_color": "$cuigv:PrimaryColor",
    "$cuiv:pressed_button_color": "$cuigv:PrimaryColor",
    "$cuiv:button_image_texture": "textures/ui/.cui-assets/.icons/chat/ac_next"
  },
  "msg_previous@cui-button.text_button": {
    "size": [ "fill", 24 ],
    "$pressed_button_name": "button.chat_previous_message",
    "$cuiv:button_type_panel": "cui-start_screen.button_label",
    "$cuiv:hover_button_color": "$cuigv:PrimaryColor",
    "$cuiv:pressed_button_color": "$cuigv:PrimaryColor",
    "$cuiv:button_image_texture": "textures/ui/.cui-assets/.icons/chat/previous"
  },
  "msg_next@cui-button.text_button": {
    "size": [ "fill", 24 ],
    "$pressed_button_name": "button.chat_next_message",
    "$cuiv:button_type_panel": "cui-start_screen.button_label",
    "$cuiv:hover_button_color": "$cuigv:PrimaryColor",
    "$cuiv:pressed_button_color": "$cuigv:PrimaryColor",
    "$cuiv:button_image_texture": "textures/ui/.cui-assets/.icons/chat/next"
  },
  "chat_header": {
    "type": "panel",
    "anchor_to": "top_left",
    "anchor_from": "top_left",
    "size": [ "100%", 20 ],
    "$back_button_text": "controller.buttonTip.back",
    "controls": [
      { "popup_dialog_factory": { "type": "factory", "control_ids": { "toast_message": "@chat.popup_toast" } } },
      { "chat_header_content_area": {
          "type": "stack_panel",
          "orientation": "horizontal",
          "size": [ 130, 20 ],
          "offset": [ -12, 12 ],
          "anchor_from": "top_right",
          "anchor_to": "top_right",
          "$cuiv-anim:pos_from": [ -12, -38 ],
          "$cuiv-anim:pos_to": [ -12, 12 ],
          "animation_reset_name": "screen_animation_reset",
          "anims": [
            "@cui-anims.screen_outro_anim_push",
            "@cui-anims.screen_outro_anim_pop",
            "@cui-anims.screen_intro_anim_push",
            "@cui-anims.screen_intro_anim_pop"
          ],
          "bindings": [
            { "binding_name": "#chat_coordinate_dropdown_visible", "binding_name_override": "#visible", "binding_type": "global" }
          ],
          "controls": [
            { "chat_message_duration_options_panel": {
                "type": "panel",
                "size": [ "fill", 20 ],
                "$option_label": "",
                "$cuiv:option_state_no_label": true,
                "$cuiv:option_state_value_anchor": "center",
                "$cuiv:option_state_value_offset": [ 0, 0 ],
                "$cuiv:option_state_value_background": true,
                "$cuiv:option_state_value_background_size": [ "100%", "100% + 2px" ],
                "controls": [
                  { "my_position@cui-setting_screen.option_dropdown": {
                      "$cuiv:option_binding_name": "#coordinate_type_position",
                      "$cuiv:option_value_text": "chat.coordinateTypeFacing",
                      "bindings": [
                        { "binding_name": "#coordinate_type_facing", "binding_name_override": "#visible" }
                      ]
                  }},
                  { "block_position@cui-setting_screen.option_dropdown": {
                      "$cuiv:option_binding_name": "#coordinate_type_facing",
                      "$cuiv:option_value_text": "chat.coordinateTypePosition",
                      "bindings": [
                        { "binding_name": "#coordinate_type_position", "binding_name_override": "#visible" }
                      ]
                  }}
                ]
            }},
            { "padding_00": { "type": "panel", "size": [ 4, 4 ] } },
            { "copy_coordinate_button@cui-button.text_button": {
                "size": [ 20, 20 ],
                "$pressed_button_name": "copy_coordinates_button",
                "$cuiv:button_type_panel": "chat.copy_image",
                "$focus_id": "coordinate_copy_button_focus_id",
                "$focus_override_left": "coordinate_dropdown_focus_id",
                "$focus_override_right": "paste_button_focus_id",
                "$focus_override_down": "text_edit_box_focus_id",
                "bindings": [
                  { "binding_name": "#copy_button_enabled", "binding_name_override": "#enabled" }
                ]
            }},
            { "icon@common.gamepad_helper_y": {
                "$gamepad_helper_size": [ 20, 20 ],
                "$gamepad_helper_icon_size": [ 16, 16 ],
                "$gamepad_helper_icon_image_size": [ 26, 26 ],
                "$icon_description_bind_type": "none",
                "$gamepad_helper_visible_binding_name": "#is_using_gamepad"
            }},
            { "padding_01": { "type": "panel", "size": [ 2, 2 ] } },
            { "paste_button@cui-button.text_button": {
                "size": [ 20, 20 ],
                "$pressed_button_name": "paste_button",
                "$cuiv:button_type_panel": "chat.paste_image",
                "$focus_id": "paste_button_focus_id",
                "$focus_override_left": "coordinate_copy_button_focus_id",
                "$focus_override_down": "text_edit_box_focus_id"
            }}
          ]
      }},
      { "coordinates_panel": {
          "type": "panel",
          "size": [ 132, 20 ],
          "offset": [ -12, 12 ],
          "anchor_from": "top_right",
          "anchor_to": "top_right",
          "$cuiv-anim:pos_from": [ -12, -38 ],
          "$cuiv-anim:pos_to": [ -12, 12 ],
          "animation_reset_name": "screen_animation_reset",
          "anims": [
            "@cui-anims.screen_outro_anim_push",
            "@cui-anims.screen_outro_anim_pop",
            "@cui-anims.screen_intro_anim_push",
            "@cui-anims.screen_intro_anim_pop"
          ],
          "bindings": [
            { "binding_name": "#chat_coordinate_dropdown_visible", "binding_name_override": "#visible", "binding_type": "global" }
          ],
          "controls": [
            { "label_with_background_adv": {
                "type": "image",
                "size": [ "100%", "100%" ],
                "texture": "textures/ui/.cui-assets/background_middle",
                "alpha": "$cuigv:BackgroundAlpha",
                "color": "$cuigv:SecondaryColor",
                "controls": [
                  { "main": {
                      "type": "label",
                      "layer": 1,
                      "enable_profanity_filter": false,
                      "color": "$cuigv:FontPrimaryColor",
                      "text": "#text",
                      "shadow": false,
                      "size": [ 180, 16 ],
                      "offset": [ 0, 3 ],
                      "text_alignment": "center",
                      "bindings": [
                        { "binding_name": "#coordinates_text", "binding_name_override": "#text" }
                      ]
                  }}
                ]
            }}
          ]
      }}
    ]
  }
}