{
  "namespace": "hud",
  "start_cap_image": {
    "alpha": 1,
    "size": [1, 22]
  },
  "heart_image": {
    "alpha": 1,
    "size": [1, 22]
  },
  "hotbar_slot_image": {
    "alpha": 1
  },
  "hotbar_slot_selected_image": {
    "layer": 5
  },
  "hotbar_panel": {
    "controls": [
      {
        "left_pudding": {
          "type": "panel",
          "size": [20, 22],
          "bindings": [
            {
              "binding_name": "#hotbar_elipses_right_visible",
              "binding_name_override": "#visible",
              "binding_type": "global"
            }
          ]
        }
      },
      {
        "hotbar_elipses_panel_left@hud.hotbar_elipses_panel_left_content": {}
      },
      {
        "hotbar_start_cap@hud.hotbar_start_cap": {}
      },
      {
        "hotbar_grid@hud.hotbar_grid": {}
      },
      {
        "hotbar_end_cap@hud.hotbar_end_cap": {}
      },
      {
        "hotbar_elipses_panel_right@hud.hotbar_elipses_panel_right_content": {}
      },
      {
        "right_pudding": {
          "type": "panel",
          "size": [20, 22],
          "bindings": [
            {
              "binding_name": "#hotbar_elipses_left_visible",
              "binding_name_override": "#visible",
              "binding_type": "global"
            }
          ]
        }
      }
    ]
  },
  "centered_gui_elements_at_bottom_middle_touch": {
    "size": [180, 50],
    "controls": [
      {
        "heart_rend@heart_renderer": {
          "offset": [-1, -40],
          "anchor_from": "bottom_left",
          "anchor_to": "bottom_left"
        }
      },
      {
        "horse_heart_rend_0@horse_heart_renderer": {
          "offset": [180, -56],
          "anchor_from": "bottom_left",
          "anchor_to": "bottom_left",
          "bindings": [
            {
              "binding_name": "#creative_horse_hearts",
              "binding_name_override": "#visible"
            }
          ]
        }
      },
      {
        "horse_heart_rend_1@horse_heart_renderer": {
          "offset": [180, -50],
          "anchor_from": "bottom_left",
          "anchor_to": "bottom_left",
          "bindings": [
            {
              "binding_name": "#survival_horse_hearts",
              "binding_name_override": "#visible"
            }
          ]
        }
      },
      {
        "armor_rend@armor_renderer": {
          "offset": [-1, -40],
          "anchor_from": "bottom_left",
          "anchor_to": "bottom_left"
        }
      },
      {
        "hunger_rend@hunger_renderer": {
          "offset": [180, -40],
          "anchor_from": "bottom_left",
          "anchor_to": "bottom_left"
        }
      },
      {
        "bubbles_rend_0@bubbles_renderer": {
          "offset": [180, -50],
          "anchor_from": "bottom_left",
          "anchor_to": "bottom_left",
          "bindings": [
            {
              "binding_name": "#is_not_riding_bubbles",
              "binding_name_override": "#visible"
            }
          ]
        }
      },
      {
        "bubbles_rend_1@bubbles_renderer": {
          "offset": [180, -50],
          "anchor_from": "bottom_left",
          "anchor_to": "bottom_left",
          "bindings": [
            {
              "binding_name": "#is_riding_bubbles",
              "binding_name_override": "#visible"
            }
          ]
        }
      },
      {
        "exp_rend@exp_progress_bar_and_hotbar": {}
      }
    ]
  },
  "exp_progress_bar_and_hotbar": {
    "type": "panel",
    "size": ["100%c", 31],
    "anchor_from": "bottom_middle",
    "anchor_to": "bottom_middle",
    "offset": [0, -13],
    "controls": [
      {
        "experience_bar_and_label": {
          "type": "panel",
          "size": [182, 5],
          "controls": [
            {
              "experience_bar": {
                "type": "panel",
                "use_anchored_offset": true,
                "controls": [
                  {
                    "empty_progress_bar@empty_progress_bar": {
                      "size": ["100%", 5],
                      "layer": 1,
                      "controls": [
                        {
                          "full_progress_bar@full_progress_bar": {
                            "size": ["100%", 5],
                            "layer": 2
                          }
                        }
                      ]
                    }
                  }
                ],
                "bindings": [
                  {
                    "binding_name": "#show_survival_ui",
                    "binding_name_override": "#visible"
                  }
                ]
              }
            },
            {
              "horse_jump_rend@horse_jump_renderer": {
                "size": ["100%", 5],
                "layer": 7,
                "controls": [
                  {
                    "dash_rend@dash_renderer": {
                      "size": ["100%", 5],
                      "layer": 7
                    }
                  }
                ]
              }
            },
            {
              "progress_text_label@progress_text_label": {
                "offset": [0, 3],
                "layer": 7
              }
            }
          ]
        }
      },
      {
        "hotbar@hotbar_chooser": {
          "offset": [4, 15.5]
        }
      },
      {
        "item_text_factory@cui-hud_screen.item_text_factory": {}
      }
    ]
  },
  "root_panel": {
    "modifications": [
      {
        "array_name": "controls",
        "operation": "insert_front",
        "value": [
          {
            "root_contents@cui-hud_screen.root_contents": {}
          }
        ]
      },
      {
        "array_name": "controls",
        "operation": "insert_front",
        "value": {
          "factory:image_example_1_factory@hud.factory:image_example_1_factory": {}
        }
      },
      {
        "array_name": "controls",
        "operation": "insert_front",
        "value": {
          "factory:image_example_2_factory@hud.factory:image_example_2_factory": {}
        }
      }
    ]
  },
  "hud_title_text": {
    "type": "panel",
    "size": ["100%cm", "100%c"],
    "anchor_from": "right_middle",
    "anchor_to": "right_middle",
    "alpha": 1,
    "controls": [
      {
        "sidebar": {
          "type": "panel",
          "size": ["100%c", "100%c"],
          "offset": [24, 36],
          "controls": [
            {
              "title_background": {
                "type": "image",
                "alpha": 1,
                "size": [145, 206],
                "offset": [-3, -15],
                "texture": "textures/ui/title_background",
                "controls": [
                  {
                    "sidebarlogo": {
                      "type": "image",
                      "texture": "textures/ui/sidebar_logo",
                      "anchor_from": "top_middle",
                      "anchor_to": "top_middle",
                      "size": [0.01, 0.01],
                      "offset": [0, 0.25],
                      "layer": 50,
                      "alpha": 2
                    }
                  },
                  {
                    "title": {
                      "size": [150, 250],
                      "font_type": "Ariel",
                      "type": "label",
                      "text": "$title_text",
                      "anchor_from": "bottom_middle",
                      "anchor_to": "bottom_middle",
                      "color": "$tool_tip_text",
                      "text_alignment": "left",
                      "offset": [35, 78],
                      "layer": 1,
                      "shadow": true,
                      "localize": true,
                      "font_scale_factor": 0.8,
                      "alpha": 2
                    }
                  }
                ]
              }
            }
          ]
        }
      }
    ]
  },
  "chat_label": {
    "type": "label",
    "enable_profanity_filter": false,
    "max_size": ["100% - 8px", "100%c"],
    "color": "#FFFFFF",
    "font_size": "small",
    "shadow": true,
    "text_alignment": "left"
  },
  "chat_panel": {
    "type": "stack_panel",
    "offset": [0, 70],
    "size": ["100%", "100%c"],
    "controls": [
      {
        "padding": {
          "type": "panel",
          "size": ["100%", 20]
        }
      },
      {
        "stack_panel": {
          "type": "stack_panel",
          "anchor_from": "bottom_left",
          "anchor_to": "bottom_left",
          "factory": {
            "name": "chat_item_factory",
            "max_children_size": 5,
            "control_ids": {
              "chat_item": "chat_item@hud.chat_grid_item"
            }
          }
        }
      }
    ]
  },
  "anim_chat_txt_wait": {
    "anim_type": "wait",
    "duration": 5,
    "next": "@hud.anim_chat_txt_alpha"
  },
  "anim_chat_txt_alpha": {
    "anim_type": "offset",
    "easing": "out_cubic",
    "from": [5, 5],
    "to": [-300, 5],
    "duration": 0.25,
    "destroy_at_end": "chat_grid_item"
  },
  "chat_grid_item": {
    "type": "panel",
    "layer": 1,
    "size": ["100%", "100%c"],
    "anchor_from": "top_left",
    "anchor_to": "top_left",
    "offset": [0, 200],
    "controls": [
      {
        "padding": {
          "type": "panel",
          "size": ["100%", 5]
        }
      },
      {
        "chat_background": {
          "type": "image",
          "texture": "textures/ui/hud_tip_text_background",
          "size": ["100% + 8px", "100%c + 3px"],
          "anchor_from": "top_left",
          "anchor_to": "top_left",
          "offset": {
            "anim_type": "offset",
            "easing": "out_cubic",
            "from": [-300, 5],
            "to": [5, 5],
            "duration": 0.5
          },
          "alpha": 0.5,
          "anims": ["@hud.anim_chat_txt_wait"],
          "controls": [
            {
              "chat_text@chat_label": {
                "offset": [4, 0],
                "size": ["100% - 8px", "100%c"],
                "color": "#FFFFFF"
              }
            }
          ],
          "bindings": [
            {
              "binding_name": "#chat_text",
              "binding_name_override": "#text",
              "binding_type": "collection",
              "binding_collection_name": "chat_text_grid",
              "binding_condition": "once"
            }
          ]
        }
      }
    ]
  }
}