{
  "play_screen@common.base_screen": {
    "$screen_content": "cui-play_screen.root_contents",
    "$screen_bg_content": "cui-common.menu_screen_background",
    "$world_picker_screen": false,
    "$screen_animations": [
      "@common.screen_exit_animation_push_fade",
      "@common.screen_exit_animation_pop_fade",
      "@common.screen_entrance_animation_push_fade",
      "@common.screen_entrance_animation_pop_fade"
    ]
  },
  "realms_world_content_panel": {
    "size": [ "100% - 8px", "100% - 2px" ]
  },
  "world_screenshot_base": {
    "size": [ "100%cm + 2px", "100%" ],
    "texture": ""
  },
  "collection_world_screenshot/screenshot_picture": {
    "size": [ "173.91%y", "100%" ],
    "offset": [ 0, 0 ]
  },
  "realms_world_details": {
    "color": "$cuigv:FontSecondaryColor",
    "font_size": "small"
}}