{
	"format_version": "1.12.0",
	"minecraft:geometry": [
		{
			"description": {
				"identifier": "geometry.crab",
				"texture_width": 64,
				"texture_height": 64,
				"visible_bounds_width": 3,
				"visible_bounds_height": 2.5,
				"visible_bounds_offset": [0, 0.75, 0]
			},
			"bones": [
				{
					"name": "root",
					"pivot": [0, -4, 0]
				},
				{
					"name": "body",
					"parent": "root",
					"pivot": [0, 3, 4],
					"cubes": [
						{"origin": [-4, 1, -4], "size": [8, 3, 5], "uv": [5, 15]},
						{"origin": [1.5, 0.5, -7.5], "size": [5, 3, 3], "pivot": [2.5, 2.5, -4.5], "rotation": [0, -15, -27.5], "uv": [37, 14]},
						{"origin": [-3, 3.6, -4.1], "size": [2, 1, 0], "uv": [21, 39]},
						{"origin": [1, 3.6, -4.1], "size": [2, 1, 0], "uv": [25, 39]},
						{"origin": [-6, 3, -6.3], "size": [2, 2, 3], "pivot": [-4, 3, -3.5], "rotation": [67.2617, -9.02623, -60.53072], "uv": [19, 52]},
						{"origin": [-1.5, 1.6, -4.3], "size": [1, 2, 0], "pivot": [-1, 2.6, -4.3], "rotation": [0, 0, 15], "uv": [26, 32]},
						{"origin": [0.4, 1.6, -4.3], "size": [1, 2, 0], "pivot": [0.9, 2.6, -4.3], "rotation": [0, 0, -15], "uv": [26, 32]}
					],
					"locators": {
						"lead": [0, 0, -4]
					}
				},
				{
					"name": "right_arm",
					"parent": "body",
					"pivot": [-5.31098, 2.05215, -1.60225],
					"rotation": [0, 90, 92.5],
					"cubes": [
						{"origin": [-7.28546, -0.41206, -1.49759], "size": [1, 4, 0], "pivot": [-6.78546, 1.58794, -1.49759], "rotation": [-72.5, -67.5, 90], "uv": [2, 13]},
						{"origin": [-5.68485, -0.37942, -1.50617], "size": [1, 4, 0], "pivot": [-5.14749, 1.6028, -1.50617], "rotation": [-90, -67.5, 90], "uv": [2, 13]},
						{"origin": [-4.00951, -0.4126, -1.49728], "size": [1, 4, 0], "pivot": [-3.50951, 1.5874, -1.49728], "rotation": [-110, -67.5, 90], "uv": [2, 13]}
					]
				},
				{
					"name": "right_leg",
					"parent": "body",
					"pivot": [-4, 1, 4],
					"rotation": [0, 90, 0]
				},
				{
					"name": "left_arm",
					"parent": "body",
					"pivot": [4.51268, 1.60866, -1.88578],
					"rotation": [0, 90, 32.5],
					"cubes": [
						{"origin": [2.01629, -0.95644, -1.56829], "size": [1, 4, 0], "pivot": [2.51629, 1.04356, -1.56829], "rotation": [-72.5, -67.5, 90], "uv": [2, 13]},
						{"origin": [3.6169, -0.9238, -1.57687], "size": [1, 4, 0], "pivot": [4.15427, 1.05843, -1.57687], "rotation": [-90, -67.5, 90], "uv": [2, 13]},
						{"origin": [5.29224, -0.95697, -1.56798], "size": [1, 4, 0], "pivot": [5.79224, 1.04303, -1.56798], "rotation": [-110, -67.5, 90], "uv": [2, 13]}
					]
				},
				{
					"name": "left_leg",
					"parent": "body",
					"pivot": [4, 1, 4],
					"rotation": [0, -90, 0]
				},
				{
					"name": "tail",
					"parent": "body",
					"pivot": [0, 2, 4]
				},
				{
					"name": "head",
					"parent": "body",
					"pivot": [0, 2, -5],
					"reset": true
				},
				{
					"name": "left_gills",
					"parent": "head",
					"pivot": [4, 2, -6]
				},
				{
					"name": "right_gills",
					"parent": "head",
					"pivot": [-4, 2, -6]
				},
				{
					"name": "top_gills",
					"parent": "head",
					"pivot": [0, 5, -6]
				}
			]
		}
	]
}