{
	"format_version": "1.12.0",
	"minecraft:geometry": [
		{
			"description": {
				"identifier": "geometry.crate_basic",
				"texture_width": 128,
				"texture_height": 128,
				"visible_bounds_width": 3,
				"visible_bounds_height": 2.5,
				"visible_bounds_offset": [0, 0.75, 0]
			},
			"bones": [
				{
					"name": "bone",
					"pivot": [-8, 0, 8],
					"rotation": [0, 180, 0],
					"cubes": [
						{
							"origin": [-26, 0, 10],
							"size": [20, 15, 12],
							"uv": {
								"north": {"uv": [24, 0], "uv_size": [20, 15]},
								"east": {"uv": [20, 42], "uv_size": [12, 15]},
								"south": {"uv": [24, 15], "uv_size": [20, 15]},
								"west": {"uv": [32, 42], "uv_size": [12, 15]},
								"up": {"uv": [24, 30], "uv_size": [20, 12]},
								"down": {"uv": [0, 44], "uv_size": [20, -12]}
							}
						},
						{
							"origin": [-26.1, 10, 23],
							"size": [20.2, 5, 2],
							"pivot": [-16, 7.5, 22.5],
							"rotation": [22.5, 0, 0],
							"uv": {
								"north": {"uv": [0, 44], "uv_size": [20, 5]},
								"east": {"uv": [16, 63], "uv_size": [2, 5]},
								"south": {"uv": [44, 0], "uv_size": [20, 5]},
								"west": {"uv": [18, 63], "uv_size": [2, 5]},
								"up": {"uv": [44, 47], "uv_size": [20, 2]},
								"down": {"uv": [0, 51], "uv_size": [20, -2]}
							}
						},
						{
							"origin": [-26.1, 10, 7],
							"size": [20.2, 5, 2],
							"pivot": [-16, 7.5, 9.5],
							"rotation": [-22.5, 0, 0],
							"uv": {
								"north": {"uv": [44, 5], "uv_size": [20, 5]},
								"east": {"uv": [63, 21], "uv_size": [2, 5]},
								"south": {"uv": [44, 10], "uv_size": [20, 5]},
								"west": {"uv": [63, 26], "uv_size": [2, 5]},
								"up": {"uv": [44, 49], "uv_size": [20, 2]},
								"down": {"uv": [0, 53], "uv_size": [20, -2]}
							}
						},
						{
							"origin": [-9, 0, 8],
							"size": [5, 1, 5],
							"uv": {
								"north": {"uv": [65, 27], "uv_size": [5, 1]},
								"east": {"uv": [65, 28], "uv_size": [5, 1]},
								"south": {"uv": [65, 29], "uv_size": [5, 1]},
								"west": {"uv": [65, 30], "uv_size": [5, 1]},
								"up": {"uv": [44, 51], "uv_size": [5, 5]},
								"down": {"uv": [49, 56], "uv_size": [5, -5]}
							}
						},
						{
							"origin": [-8, 1, 9],
							"size": [3, 7, 3],
							"uv": {
								"north": {"uv": [20, 32], "uv_size": [3, 7]},
								"east": {"uv": [40, 57], "uv_size": [3, 7]},
								"south": {"uv": [43, 61], "uv_size": [3, 7]},
								"west": {"uv": [46, 61], "uv_size": [3, 7]},
								"up": {"uv": [20, 39], "uv_size": [3, 3]},
								"down": {"uv": [63, 36], "uv_size": [3, -3]}
							}
						},
						{
							"origin": [-8, 1, 20],
							"size": [3, 7, 3],
							"uv": {
								"north": {"uv": [49, 61], "uv_size": [3, 7]},
								"east": {"uv": [52, 61], "uv_size": [3, 7]},
								"south": {"uv": [55, 61], "uv_size": [3, 7]},
								"west": {"uv": [58, 61], "uv_size": [3, 7]},
								"up": {"uv": [63, 36], "uv_size": [3, 3]},
								"down": {"uv": [64, 3], "uv_size": [3, -3]}
							}
						},
						{
							"origin": [-9, 0, 19],
							"size": [5, 1, 5],
							"uv": {
								"north": {"uv": [66, 39], "uv_size": [5, 1]},
								"east": {"uv": [66, 40], "uv_size": [5, 1]},
								"south": {"uv": [66, 41], "uv_size": [5, 1]},
								"west": {"uv": [66, 42], "uv_size": [5, 1]},
								"up": {"uv": [0, 53], "uv_size": [5, 5]},
								"down": {"uv": [5, 58], "uv_size": [5, -5]}
							}
						},
						{
							"origin": [-27, 1, 20],
							"size": [3, 7, 3],
							"uv": {
								"north": {"uv": [61, 61], "uv_size": [3, 7]},
								"east": {"uv": [20, 62], "uv_size": [3, 7]},
								"south": {"uv": [23, 62], "uv_size": [3, 7]},
								"west": {"uv": [26, 62], "uv_size": [3, 7]},
								"up": {"uv": [64, 3], "uv_size": [3, 3]},
								"down": {"uv": [64, 9], "uv_size": [3, -3]}
							}
						},
						{
							"origin": [-28, 0, 19],
							"size": [5, 1, 5],
							"uv": {
								"north": {"uv": [66, 43], "uv_size": [5, 1]},
								"east": {"uv": [66, 44], "uv_size": [5, 1]},
								"south": {"uv": [66, 45], "uv_size": [5, 1]},
								"west": {"uv": [66, 46], "uv_size": [5, 1]},
								"up": {"uv": [10, 53], "uv_size": [5, 5]},
								"down": {"uv": [15, 58], "uv_size": [5, -5]}
							}
						},
						{
							"origin": [-27, 1, 9],
							"size": [3, 7, 3],
							"uv": {
								"north": {"uv": [29, 62], "uv_size": [3, 7]},
								"east": {"uv": [32, 62], "uv_size": [3, 7]},
								"south": {"uv": [35, 62], "uv_size": [3, 7]},
								"west": {"uv": [0, 63], "uv_size": [3, 7]},
								"up": {"uv": [64, 9], "uv_size": [3, 3]},
								"down": {"uv": [64, 15], "uv_size": [3, -3]}
							}
						},
						{
							"origin": [-28, 0, 8],
							"size": [5, 1, 5],
							"uv": {
								"north": {"uv": [66, 47], "uv_size": [5, 1]},
								"east": {"uv": [66, 48], "uv_size": [5, 1]},
								"south": {"uv": [66, 49], "uv_size": [5, 1]},
								"west": {"uv": [66, 50], "uv_size": [5, 1]},
								"up": {"uv": [54, 51], "uv_size": [5, 5]},
								"down": {"uv": [44, 61], "uv_size": [5, -5]}
							}
						},
						{
							"origin": [-18.5, 4, 22],
							"size": [5, 4, 2],
							"uv": {
								"north": {"uv": [60, 41], "uv_size": [5, 4]},
								"east": {"uv": [40, 64], "uv_size": [2, 4]},
								"south": {"uv": [3, 63], "uv_size": [5, 4]},
								"west": {"uv": [64, 47], "uv_size": [2, 4]},
								"up": {"uv": [60, 45], "uv_size": [5, 2]},
								"down": {"uv": [63, 33], "uv_size": [5, -2]}
							}
						},
						{
							"origin": [-17.5, 5, 23],
							"size": [3, 4, 2],
							"uv": {
								"north": {"uv": [10, 63], "uv_size": [3, 4]},
								"east": {"uv": [64, 51], "uv_size": [2, 4]},
								"south": {"uv": [13, 63], "uv_size": [3, 4]},
								"west": {"uv": [64, 55], "uv_size": [2, 4]},
								"up": {"uv": [63, 39], "uv_size": [3, 2]},
								"down": {"uv": [64, 61], "uv_size": [3, -2]}
							}
						},
						{
							"origin": [-17.2, 13.85, 21.85],
							"size": [2, 2, 1],
							"pivot": [-16.05, 14.9, 25.55],
							"rotation": [22.5, 0, 0],
							"uv": {
								"north": {"uv": [67, 59], "uv_size": [2, 2]},
								"east": {"uv": [23, 38], "uv_size": [1, 2]},
								"south": {"uv": [65, 67], "uv_size": [2, 2]},
								"west": {"uv": [23, 40], "uv_size": [1, 2]},
								"up": {"uv": [67, 38], "uv_size": [2, 1]},
								"down": {"uv": [5, 69], "uv_size": [2, -1]}
							}
						},
						{
							"origin": [-17.2, 11.82922, 22.81272],
							"size": [2, 2, 1],
							"pivot": [-16.2, 12.82922, 22.61272],
							"rotation": [0, 0, -45],
							"uv": {
								"north": {"uv": [67, 67], "uv_size": [2, 2]},
								"east": {"uv": [43, 57], "uv_size": [1, 2]},
								"south": {"uv": [3, 68], "uv_size": [2, 2]},
								"west": {"uv": [43, 59], "uv_size": [1, 2]},
								"up": {"uv": [10, 68], "uv_size": [2, 1]},
								"down": {"uv": [12, 69], "uv_size": [2, -1]}
							}
						},
						{
							"origin": [-16.5, 14.6725, 15.5],
							"size": [1, 1.1, 1],
							"pivot": [-16, 15.2225, 16],
							"rotation": [0, 45, 0],
							"uv": {
								"north": {"uv": [7, 68], "uv_size": [1, 1]},
								"east": {"uv": [14, 68], "uv_size": [1, 1]},
								"south": {"uv": [68, 15], "uv_size": [1, 1]},
								"west": {"uv": [16, 68], "uv_size": [1, 1]},
								"up": {"uv": [68, 16], "uv_size": [1, 1]},
								"down": {"uv": [17, 69], "uv_size": [1, -1]}
							}
						},
						{
							"origin": [-17.5, 14.6725, 15.5],
							"size": [1, 1.1, 1],
							"pivot": [-16, 15.2225, 16],
							"rotation": [0, 45, 0],
							"uv": {
								"north": {"uv": [68, 17], "uv_size": [1, 1]},
								"east": {"uv": [18, 68], "uv_size": [1, 1]},
								"south": {"uv": [68, 18], "uv_size": [1, 1]},
								"west": {"uv": [19, 68], "uv_size": [1, 1]},
								"up": {"uv": [68, 19], "uv_size": [1, 1]},
								"down": {"uv": [68, 21], "uv_size": [1, -1]}
							}
						},
						{
							"origin": [-19.8, 14.6725, 15.5],
							"size": [1, 1.1, 1],
							"pivot": [-16, 15.2225, 16],
							"rotation": [0, 45, 0],
							"uv": {
								"north": {"uv": [68, 22], "uv_size": [1, 1]},
								"east": {"uv": [68, 23], "uv_size": [1, 1]},
								"south": {"uv": [68, 24], "uv_size": [1, 1]},
								"west": {"uv": [68, 25], "uv_size": [1, 1]},
								"up": {"uv": [68, 26], "uv_size": [1, 1]},
								"down": {"uv": [68, 32], "uv_size": [1, -1]}
							}
						},
						{
							"origin": [-20.8, 14.6725, 15.5],
							"size": [1, 1.1, 1],
							"pivot": [-16, 15.2225, 16],
							"rotation": [0, 45, 0],
							"uv": {
								"north": {"uv": [68, 32], "uv_size": [1, 1]},
								"east": {"uv": [68, 33], "uv_size": [1, 1]},
								"south": {"uv": [68, 34], "uv_size": [1, 1]},
								"west": {"uv": [68, 35], "uv_size": [1, 1]},
								"up": {"uv": [68, 36], "uv_size": [1, 1]},
								"down": {"uv": [68, 38], "uv_size": [1, -1]}
							}
						},
						{
							"origin": [-19.8, 14.6725, 16.5],
							"size": [1, 1.1, 1],
							"pivot": [-16, 15.2225, 16],
							"rotation": [0, 45, 0],
							"uv": {
								"north": {"uv": [40, 68], "uv_size": [1, 1]},
								"east": {"uv": [41, 68], "uv_size": [1, 1]},
								"south": {"uv": [43, 68], "uv_size": [1, 1]},
								"west": {"uv": [44, 68], "uv_size": [1, 1]},
								"up": {"uv": [45, 68], "uv_size": [1, 1]},
								"down": {"uv": [46, 69], "uv_size": [1, -1]}
							}
						},
						{
							"origin": [-19.8, 14.6725, 14.5],
							"size": [1, 1.1, 1],
							"pivot": [-16, 15.2225, 16],
							"rotation": [0, 45, 0],
							"uv": {
								"north": {"uv": [47, 68], "uv_size": [1, 1]},
								"east": {"uv": [48, 68], "uv_size": [1, 1]},
								"south": {"uv": [49, 68], "uv_size": [1, 1]},
								"west": {"uv": [50, 68], "uv_size": [1, 1]},
								"up": {"uv": [51, 68], "uv_size": [1, 1]},
								"down": {"uv": [52, 69], "uv_size": [1, -1]}
							}
						},
						{
							"origin": [-12.2, 14.6725, 15.5],
							"size": [1, 1.1, 1],
							"pivot": [-16, 15.2225, 16],
							"rotation": [0, -45, 0],
							"uv": {
								"north": {"uv": [53, 68], "uv_size": [1, 1]},
								"east": {"uv": [54, 68], "uv_size": [1, 1]},
								"south": {"uv": [55, 68], "uv_size": [1, 1]},
								"west": {"uv": [56, 68], "uv_size": [1, 1]},
								"up": {"uv": [57, 68], "uv_size": [1, 1]},
								"down": {"uv": [58, 69], "uv_size": [1, -1]}
							}
						},
						{
							"origin": [-13.2, 14.6725, 15.5],
							"size": [1, 1.1, 1],
							"pivot": [-16, 15.2225, 16],
							"rotation": [0, -45, 0],
							"uv": {
								"north": {"uv": [59, 68], "uv_size": [1, 1]},
								"east": {"uv": [60, 68], "uv_size": [1, 1]},
								"south": {"uv": [61, 68], "uv_size": [1, 1]},
								"west": {"uv": [62, 68], "uv_size": [1, 1]},
								"up": {"uv": [63, 68], "uv_size": [1, 1]},
								"down": {"uv": [5, 70], "uv_size": [1, -1]}
							}
						},
						{
							"origin": [-13.2, 14.6725, 16.5],
							"size": [1, 1.1, 1],
							"pivot": [-16, 15.2225, 16],
							"rotation": [0, -45, 0],
							"uv": {
								"north": {"uv": [6, 69], "uv_size": [1, 1]},
								"east": {"uv": [7, 69], "uv_size": [1, 1]},
								"south": {"uv": [10, 69], "uv_size": [1, 1]},
								"west": {"uv": [11, 69], "uv_size": [1, 1]},
								"up": {"uv": [12, 69], "uv_size": [1, 1]},
								"down": {"uv": [13, 70], "uv_size": [1, -1]}
							}
						},
						{
							"origin": [-13.2, 14.6725, 14.5],
							"size": [1, 1.1, 1],
							"pivot": [-16, 15.2225, 16],
							"rotation": [0, -45, 0],
							"uv": {
								"north": {"uv": [14, 69], "uv_size": [1, 1]},
								"east": {"uv": [69, 15], "uv_size": [1, 1]},
								"south": {"uv": [16, 69], "uv_size": [1, 1]},
								"west": {"uv": [69, 16], "uv_size": [1, 1]},
								"up": {"uv": [17, 69], "uv_size": [1, 1]},
								"down": {"uv": [69, 18], "uv_size": [1, -1]}
							}
						},
						{
							"origin": [-12.2, 14.6725, 15.5],
							"size": [1, 1.1, 1],
							"pivot": [-16, 15.2225, 16],
							"rotation": [0, 45, 0],
							"uv": {
								"north": {"uv": [18, 69], "uv_size": [1, 1]},
								"east": {"uv": [69, 18], "uv_size": [1, 1]},
								"south": {"uv": [19, 69], "uv_size": [1, 1]},
								"west": {"uv": [69, 19], "uv_size": [1, 1]},
								"up": {"uv": [20, 69], "uv_size": [1, 1]},
								"down": {"uv": [69, 21], "uv_size": [1, -1]}
							}
						},
						{
							"origin": [-13.2, 14.6725, 15.5],
							"size": [1, 1.1, 1],
							"pivot": [-16, 15.2225, 16],
							"rotation": [0, 45, 0],
							"uv": {
								"north": {"uv": [21, 69], "uv_size": [1, 1]},
								"east": {"uv": [22, 69], "uv_size": [1, 1]},
								"south": {"uv": [69, 22], "uv_size": [1, 1]},
								"west": {"uv": [23, 69], "uv_size": [1, 1]},
								"up": {"uv": [69, 23], "uv_size": [1, 1]},
								"down": {"uv": [24, 70], "uv_size": [1, -1]}
							}
						},
						{
							"origin": [-13.2, 14.6725, 14.5],
							"size": [1, 1.1, 1],
							"pivot": [-16, 15.2225, 16],
							"rotation": [0, 45, 0],
							"uv": {
								"north": {"uv": [69, 24], "uv_size": [1, 1]},
								"east": {"uv": [25, 69], "uv_size": [1, 1]},
								"south": {"uv": [69, 25], "uv_size": [1, 1]},
								"west": {"uv": [26, 69], "uv_size": [1, 1]},
								"up": {"uv": [69, 26], "uv_size": [1, 1]},
								"down": {"uv": [27, 70], "uv_size": [1, -1]}
							}
						},
						{
							"origin": [-13.2, 14.6725, 16.5],
							"size": [1, 1.1, 1],
							"pivot": [-16, 15.2225, 16],
							"rotation": [0, 45, 0],
							"uv": {
								"north": {"uv": [28, 69], "uv_size": [1, 1]},
								"east": {"uv": [29, 69], "uv_size": [1, 1]},
								"south": {"uv": [30, 69], "uv_size": [1, 1]},
								"west": {"uv": [31, 69], "uv_size": [1, 1]},
								"up": {"uv": [69, 31], "uv_size": [1, 1]},
								"down": {"uv": [32, 70], "uv_size": [1, -1]}
							}
						},
						{
							"origin": [-19.8, 14.6725, 14.5],
							"size": [1, 1.1, 1],
							"pivot": [-16, 15.2225, 16],
							"rotation": [0, -45, 0],
							"uv": {
								"north": {"uv": [69, 32], "uv_size": [1, 1]},
								"east": {"uv": [33, 69], "uv_size": [1, 1]},
								"south": {"uv": [69, 33], "uv_size": [1, 1]},
								"west": {"uv": [34, 69], "uv_size": [1, 1]},
								"up": {"uv": [69, 34], "uv_size": [1, 1]},
								"down": {"uv": [35, 70], "uv_size": [1, -1]}
							}
						},
						{
							"origin": [-19.8, 14.6725, 15.5],
							"size": [1, 1.1, 1],
							"pivot": [-16, 15.2225, 16],
							"rotation": [0, -45, 0],
							"uv": {
								"north": {"uv": [69, 35], "uv_size": [1, 1]},
								"east": {"uv": [36, 69], "uv_size": [1, 1]},
								"south": {"uv": [69, 36], "uv_size": [1, 1]},
								"west": {"uv": [37, 69], "uv_size": [1, 1]},
								"up": {"uv": [69, 37], "uv_size": [1, 1]},
								"down": {"uv": [69, 39], "uv_size": [1, -1]}
							}
						},
						{
							"origin": [-20.8, 14.6725, 15.5],
							"size": [1, 1.1, 1],
							"pivot": [-16, 15.2225, 16],
							"rotation": [0, -45, 0],
							"uv": {
								"north": {"uv": [40, 69], "uv_size": [1, 1]},
								"east": {"uv": [41, 69], "uv_size": [1, 1]},
								"south": {"uv": [43, 69], "uv_size": [1, 1]},
								"west": {"uv": [44, 69], "uv_size": [1, 1]},
								"up": {"uv": [45, 69], "uv_size": [1, 1]},
								"down": {"uv": [46, 70], "uv_size": [1, -1]}
							}
						},
						{
							"origin": [-19.8, 14.6725, 16.5],
							"size": [1, 1.1, 1],
							"pivot": [-16, 15.2225, 16],
							"rotation": [0, -45, 0],
							"uv": {
								"north": {"uv": [47, 69], "uv_size": [1, 1]},
								"east": {"uv": [48, 69], "uv_size": [1, 1]},
								"south": {"uv": [49, 69], "uv_size": [1, 1]},
								"west": {"uv": [50, 69], "uv_size": [1, 1]},
								"up": {"uv": [51, 69], "uv_size": [1, 1]},
								"down": {"uv": [52, 70], "uv_size": [1, -1]}
							}
						},
						{
							"origin": [-15.5, 14.6725, 15.5],
							"size": [1, 1.1, 1],
							"pivot": [-16, 15.2225, 16],
							"rotation": [0, 45, 0],
							"uv": {
								"north": {"uv": [53, 69], "uv_size": [1, 1]},
								"east": {"uv": [54, 69], "uv_size": [1, 1]},
								"south": {"uv": [55, 69], "uv_size": [1, 1]},
								"west": {"uv": [56, 69], "uv_size": [1, 1]},
								"up": {"uv": [57, 69], "uv_size": [1, 1]},
								"down": {"uv": [58, 70], "uv_size": [1, -1]}
							}
						},
						{
							"origin": [-16.5, 14.6725, 14.5],
							"size": [1, 1.1, 1],
							"pivot": [-16, 15.2225, 16],
							"rotation": [0, 45, 0],
							"uv": {
								"north": {"uv": [59, 69], "uv_size": [1, 1]},
								"east": {"uv": [69, 59], "uv_size": [1, 1]},
								"south": {"uv": [60, 69], "uv_size": [1, 1]},
								"west": {"uv": [69, 60], "uv_size": [1, 1]},
								"up": {"uv": [61, 69], "uv_size": [1, 1]},
								"down": {"uv": [62, 70], "uv_size": [1, -1]}
							}
						},
						{
							"origin": [-16.5, 14.6725, 16.5],
							"size": [1, 1.1, 1],
							"pivot": [-16, 15.2225, 16],
							"rotation": [0, 45, 0],
							"uv": {
								"north": {"uv": [63, 69], "uv_size": [1, 1]},
								"east": {"uv": [65, 69], "uv_size": [1, 1]},
								"south": {"uv": [66, 69], "uv_size": [1, 1]},
								"west": {"uv": [67, 69], "uv_size": [1, 1]},
								"up": {"uv": [69, 67], "uv_size": [1, 1]},
								"down": {"uv": [68, 70], "uv_size": [1, -1]}
							}
						},
						{
							"origin": [-14.99289, 14.6725, 17.02132],
							"size": [1, 1.1, 1],
							"uv": {
								"north": {"uv": [69, 68], "uv_size": [1, 1]},
								"east": {"uv": [69, 69], "uv_size": [1, 1]},
								"south": {"uv": [0, 70], "uv_size": [1, 1]},
								"west": {"uv": [1, 70], "uv_size": [1, 1]},
								"up": {"uv": [2, 70], "uv_size": [1, 1]},
								"down": {"uv": [3, 71], "uv_size": [1, -1]}
							}
						},
						{
							"origin": [-17.99289, 14.6725, 17.02132],
							"size": [1, 1.1, 1],
							"uv": {
								"north": {"uv": [4, 70], "uv_size": [1, 1]},
								"east": {"uv": [5, 70], "uv_size": [1, 1]},
								"south": {"uv": [6, 70], "uv_size": [1, 1]},
								"west": {"uv": [7, 70], "uv_size": [1, 1]},
								"up": {"uv": [10, 70], "uv_size": [1, 1]},
								"down": {"uv": [11, 71], "uv_size": [1, -1]}
							}
						},
						{
							"origin": [-17.99289, 14.6725, 13.92132],
							"size": [1, 1.1, 1],
							"uv": {
								"north": {"uv": [12, 70], "uv_size": [1, 1]},
								"east": {"uv": [13, 70], "uv_size": [1, 1]},
								"south": {"uv": [14, 70], "uv_size": [1, 1]},
								"west": {"uv": [70, 15], "uv_size": [1, 1]},
								"up": {"uv": [16, 70], "uv_size": [1, 1]},
								"down": {"uv": [70, 17], "uv_size": [1, -1]}
							}
						},
						{
							"origin": [-14.99289, 14.6725, 13.92132],
							"size": [1, 1.1, 1],
							"uv": {
								"north": {"uv": [17, 70], "uv_size": [1, 1]},
								"east": {"uv": [70, 17], "uv_size": [1, 1]},
								"south": {"uv": [18, 70], "uv_size": [1, 1]},
								"west": {"uv": [70, 18], "uv_size": [1, 1]},
								"up": {"uv": [19, 70], "uv_size": [1, 1]},
								"down": {"uv": [70, 20], "uv_size": [1, -1]}
							}
						},
						{
							"origin": [-28, 8, 8],
							"size": [24, 3, 16],
							"uv": {
								"north": {"uv": [44, 15], "uv_size": [24, 3]},
								"east": {"uv": [44, 41], "uv_size": [16, 3]},
								"south": {"uv": [44, 18], "uv_size": [24, 3]},
								"west": {"uv": [44, 44], "uv_size": [16, 3]},
								"up": {"uv": [0, 0], "uv_size": [24, 16]},
								"down": {"uv": [0, 32], "uv_size": [24, -16]}
							}
						}
					]
				}
			]
		}
	]
}