{
    "format_version": "1.10.0",
    "particle_effect": {
        "description": {
            "identifier": "crab:open",
            "basic_render_parameters": {
                "material": "particles_alpha",
                "texture": "textures/particles/particles.png"
            }
        },
        "components": {
            "minecraft:emitter_rate_instant": {
                "num_particles": 50
            },
            "minecraft:emitter_lifetime_once": {
                "active_time": 3
            },
            "minecraft:emitter_shape_sphere": {
                "radius": 3,
                "direction": "outwards"
            },
            "minecraft:particle_lifetime_expression": {
                "max_lifetime": "math.random(1,3)"
            },
            "minecraft:particle_initial_speed": 1,
            "minecraft:particle_motion_dynamic": {},
            "minecraft:particle_kill_plane": [
                0,
                0,
                0,
                -0.1
            ],
            "minecraft:particle_appearance_billboard": {
                "size": [
                    0.2,
                    0.2
                ],
                "facing_camera_mode": "rotate_xyz",
                "uv": {
                    "texture_width": 128,
                    "texture_height": 128,
                    "uv": [
                        16,
                        40
                    ],
                    "uv_size": [
                        7,
                        7
                    ]
                }
            }
        }
    }
}