{
  "format_version": "1.10.0",
  "particle_effect": {
    "description": {
      "identifier": "colorcurve2",
      "basic_render_parameters": {
        "material": "particles_alpha",
        "texture": "textures/particle/particles"
      }
    },
    "components": {
      "minecraft:emitter_rate_instant": {
        "num_particles": 100
      },
      "minecraft:emitter_lifetime_once": {
        "active_time": 0
      },
      "minecraft:emitter_shape_sphere": {
        "radius": 0.1,
        "direction": "outwards"
      },
      "minecraft:particle_initial_speed": "Math.random(0.0, 15.0)",
      "minecraft:particle_initial_spin": {
        "rotation": "Math.random(0, 360)"
      },
      "minecraft:particle_lifetime_expression": {
        "max_lifetime": "math.random(1.0, 3.0)"
      },
      "minecraft:particle_motion_dynamic": {
        "linear_acceleration": [ 0, 2.0, 0 ],
        "linear_drag_coefficient": 5
      },
      "minecraft:particle_appearance_billboard": {
        "size": [ 0.1, 0.1 ],
        "facing_camera_mode": "lookat_xyz",
        "uv": {
          "texture_width": 16,
          "texture_height": 16,
          "uv": [ 2, 2 ],
          "uv_size": [ 1, 1 ]
        }
      },
      "minecraft:particle_appearance_tinting": {
        "color": {
          "gradient": {
            "0.1": "#FFFF0000",
            "0.3": "#00FF00",
            "1.0": [ 0, 0, 1 ],
            "1.2": [ 1, 1, 0, 1 ],
            "2.2": [ 1, 1, 1, 0 ],
            "1.3": [ 1, 0, 1, 1 ],
            "1.7": [ 0, 1, 1, 1 ]
          },
          "interpolant": "variable.particle_age"
        }
      },
      "minecraft:particle_appearance_lighting": {}
    }
  }
}