{
	"format_version": "1.10.0",
	"particle_effect": {
		"description": {
			"identifier": "trail",
			"basic_render_parameters": {
				"material": "particles_alpha",
				"texture": "textures/particle/particles"
			}
		},
		"components": {
			"minecraft:emitter_initialization": {
				"creation_expression": "variable.size = 0.03;variable.lifetime = 2.2;"
			},
			"minecraft:emitter_rate_steady": {
				"spawn_rate": 130,
				"max_particles": 1000
			},
			"minecraft:emitter_lifetime_expression": {
				"activation_expression": 1
			},
			"minecraft:emitter_shape_point": {
				"offset": ["math.sin(variable.emitter_age*70-90)*2", 0, 0]
			},
			"minecraft:particle_lifetime_expression": {
				"max_lifetime": "variable.particle_random_1*variable.lifetime"
			},
			"minecraft:particle_initial_speed": 0.4,
			"minecraft:particle_motion_dynamic": {
				"linear_acceleration": ["(variable.particle_random_3-0.5)", -1, "(variable.particle_random_4-0.5)"],
				"linear_drag_coefficient": 0.2
			},
			"minecraft:particle_appearance_billboard": {
				"size": ["variable.size*(variable.particle_random_1*variable.lifetime-variable.particle_age)", "variable.size*(variable.particle_random_1*variable.lifetime-variable.particle_age)"],
				"facing_camera_mode": "rotate_xyz",
				"uv": {
					"texture_width": 128,
					"texture_height": 128,
					"uv": [40, 80],
					"uv_size": [8, 8]
				}
			},
			"minecraft:particle_appearance_tinting": {
				"color": [0.76471, 0.93333, 1, 1]
			}
		}
	}
}