{
	"format_version": "1.16.0",
	"minecraft:geometry": [
		{
			"description": {
				"identifier": "geometry.heart_of_life",
				"texture_width": 32,
				"texture_height": 32,
				"visible_bounds_width": 2,
				"visible_bounds_height": 2.5,
				"visible_bounds_offset": [0, 0.75, 0]
			},
			"bones": [
				{
					"name": "root_item",
					"pivot": [0, 0, 0],
					"binding": "q.item_slot_to_bone_name(c.item_slot)",
					"texture_meshes": [
						{
							"texture": "default",
							"position": [0, 0, 0],
							"local_pivot": [8, 0, 8],
							"scale": [0.5, 0.5, 0.5]
						}
					]
				}
			]
		}
	]
}