{
	"format_version": "1.8.0",
	"animations": {
		"animation.crab.idle_underwater": {
			"loop": true,
			"animation_length": 5.2,
			"bones": {
				"body": {
					"rotation": {
						"0.0": {
							"post": [-8.9, 0, 0],
							"lerp_mode": "catmullrom"
						},
						"2.6": {
							"post": [-2.6, 0, 0],
							"lerp_mode": "catmullrom"
						},
						"5.2": {
							"post": [-8.9, 0, 0],
							"lerp_mode": "catmullrom"
						}
					},
					"position": {
						"0.0": {
							"post": [0, 0, 0],
							"lerp_mode": "catmullrom"
						},
						"2.6": {
							"post": [0, -0.5, 0],
							"lerp_mode": "catmullrom"
						},
						"5.2": {
							"post": [0, 0, 0],
							"lerp_mode": "catmullrom"
						}
					}
				},
				"right_arm": {
					"rotation": {
						"0.0": {
							"post": [49.1, -25.8, 0],
							"lerp_mode": "catmullrom"
						},
						"2.6": {
							"post": [29.1, -40.8, 12.5],
							"lerp_mode": "catmullrom"
						},
						"5.2": {
							"post": [49.1, -25.8, 0],
							"lerp_mode": "catmullrom"
						}
					},
					"position": {
						"0.0": {
							"post": [0.25, 0, 1],
							"lerp_mode": "catmullrom"
						},
						"5.2": {
							"post": [0.25, 0, 1],
							"lerp_mode": "catmullrom"
						}
					}
				},
				"right_leg": {
					"rotation": {
						"0.0": {
							"post": [-72.5, 117.5, 85],
							"lerp_mode": "catmullrom"
						},
						"2.6": {
							"post": [-80, 117.5, 85],
							"lerp_mode": "catmullrom"
						},
						"5.2": {
							"post": [-72.5, 117.5, 85],
							"lerp_mode": "catmullrom"
						}
					},
					"position": {
						"0.0": {
							"post": [0.25, 0, -1],
							"lerp_mode": "catmullrom"
						},
						"5.2": {
							"post": [0.25, 0, -1],
							"lerp_mode": "catmullrom"
						}
					}
				},
				"left_arm": {
					"rotation": {
						"0.0": {
							"post": [147.09839, -24.96617, 21.32533],
							"lerp_mode": "catmullrom"
						},
						"2.6": {
							"post": [182.94547, -38.1244, 11.56043],
							"lerp_mode": "catmullrom"
						},
						"5.2": {
							"post": [147.0984, -24.9662, 21.3253],
							"lerp_mode": "catmullrom"
						}
					},
					"position": {
						"0.0": {
							"post": [0.75, 0, 1],
							"lerp_mode": "catmullrom"
						}
					}
				},
				"left_leg": {
					"rotation": {
						"0.0": {
							"post": [-72.5, -117.5, -85],
							"lerp_mode": "catmullrom"
						},
						"2.6": {
							"post": [-80, -117.5, -85],
							"lerp_mode": "catmullrom"
						},
						"5.2": {
							"post": [-72.5, -117.5, -85],
							"lerp_mode": "catmullrom"
						}
					},
					"position": {
						"0.0": {
							"post": [-0.25, 0, -1],
							"lerp_mode": "catmullrom"
						},
						"5.2": {
							"post": [-0.25, 0, -1],
							"lerp_mode": "catmullrom"
						}
					}
				},
				"tail": {
					"rotation": {
						"0.0": {
							"post": [0, 15, 0],
							"lerp_mode": "catmullrom"
						},
						"2.6": {
							"post": [0, -32, 0],
							"lerp_mode": "catmullrom"
						},
						"5.2": {
							"post": [0, 15, 0],
							"lerp_mode": "catmullrom"
						}
					}
				},
				"head": {
					"rotation": {
						"0.0": {
							"post": [11.7, 0, 0],
							"lerp_mode": "catmullrom"
						},
						"2.6": {
							"post": [2.4, 0, 0],
							"lerp_mode": "catmullrom"
						},
						"5.2": {
							"post": [11.7, 0, 0],
							"lerp_mode": "catmullrom"
						}
					}
				},
				"left_gills": {
					"rotation": {
						"0.0": {
							"post": [0, -25.6, 0],
							"lerp_mode": "catmullrom"
						},
						"3.12": {
							"post": [0, 16, 0],
							"lerp_mode": "catmullrom"
						},
						"5.2": {
							"post": [0, -25.6, 0],
							"lerp_mode": "catmullrom"
						}
					}
				},
				"right_gills": {
					"rotation": {
						"0.0": {
							"post": [0, 23, 0],
							"lerp_mode": "catmullrom"
						},
						"2.08": {
							"post": [0, -26, 0],
							"lerp_mode": "catmullrom"
						},
						"5.2": {
							"post": [0, 23, 0],
							"lerp_mode": "catmullrom"
						}
					}
				},
				"top_gills": {
					"rotation": {
						"0.0": {
							"post": [-19.2, 0, 0],
							"lerp_mode": "catmullrom"
						},
						"2.6": {
							"post": [12.3, 0, 0],
							"lerp_mode": "catmullrom"
						},
						"5.2": {
							"post": [-19.2, 0, 0],
							"lerp_mode": "catmullrom"
						}
					}
				}
			}
		},
		"animation.crab.idle_floor": {
			"loop": true,
			"animation_length": 2.8,
			"bones": {
				"body": {
					"rotation": {
						"0.0": {
							"pre": [0, 0, 0],
							"post": [0, 0, 0],
							"lerp_mode": "catmullrom"
						},
						"2.8": {
							"pre": [0, 0, 0],
							"post": [0, 0, 0],
							"lerp_mode": "catmullrom"
						}
					}
				},
				"right_arm": {
					"rotation": {
						"0.0": {
							"pre": [77.5, -22.5, 0],
							"post": [77.5, -22.5, 0],
							"lerp_mode": "catmullrom"
						},
						"2.8": {
							"pre": [77.5, -22.5, 0],
							"post": [77.5, -22.5, 0],
							"lerp_mode": "catmullrom"
						}
					}
				},
				"right_leg": {
					"rotation": {
						"0.0": {
							"pre": [-77.5, 0, 0],
							"post": [-77.5, 0, 0],
							"lerp_mode": "catmullrom"
						},
						"2.8": {
							"pre": [-77.5, 0, 0],
							"post": [-77.5, 0, 0],
							"lerp_mode": "catmullrom"
						}
					}
				},
				"left_arm": {
					"rotation": {
						"0.0": {
							"pre": [77.5, 25, 0],
							"post": [77.5, 25, 0],
							"lerp_mode": "catmullrom"
						},
						"2.8": {
							"pre": [77.5, 25, 0],
							"post": [77.5, 25, 0],
							"lerp_mode": "catmullrom"
						}
					}
				},
				"left_leg": {
					"rotation": {
						"0.0": {
							"pre": [-77.5, 0, 0],
							"post": [-77.5, 0, 0],
							"lerp_mode": "catmullrom"
						},
						"2.8": {
							"pre": [-77.5, 0, 0],
							"post": [-77.5, 0, 0],
							"lerp_mode": "catmullrom"
						}
					}
				},
				"tail": {
					"rotation": {
						"0.0": [0, 10, 0],
						"0.32": [0, 10, 0],
						"1.04": [0, -10, 0],
						"1.76": [0, -10, 0],
						"2.48": [0, 10, 0],
						"2.8": [0, 10, 0]
					}
				},
				"head": {
					"rotation": {
						"0.0": {
							"pre": [0, 0, -11],
							"post": [0, 0, -11],
							"lerp_mode": "catmullrom"
						},
						"1.28": {
							"pre": [-13.2, -2.7, -11.5],
							"post": [-13.2, -2.7, -11.5],
							"lerp_mode": "catmullrom"
						},
						"1.44": {
							"pre": [-13.2, -2.7, -11.5],
							"post": [-13.2, -2.7, -11.5],
							"lerp_mode": "catmullrom"
						},
						"2.8": {
							"pre": [0, 0, -11],
							"post": [0, 0, -11],
							"lerp_mode": "catmullrom"
						}
					}
				},
				"left_gills": {
					"rotation": {
						"0.0": {
							"pre": [0, 38, 0],
							"post": [0, 38, 0],
							"lerp_mode": "catmullrom"
						},
						"1.28": {
							"pre": [0, 45.5, 0],
							"post": [0, 45.5, 0],
							"lerp_mode": "catmullrom"
						},
						"1.64": {
							"pre": [0, 45.5, 0],
							"post": [0, 45.5, 0],
							"lerp_mode": "catmullrom"
						},
						"2.8": {
							"pre": [0, 38, 0],
							"post": [0, 38, 0],
							"lerp_mode": "catmullrom"
						}
					}
				},
				"right_gills": {
					"rotation": {
						"0.0": {
							"pre": [0, -50, 0],
							"post": [0, -50, 0],
							"lerp_mode": "catmullrom"
						},
						"1.28": {
							"pre": [0, -59, 0],
							"post": [0, -59, 0],
							"lerp_mode": "catmullrom"
						},
						"1.56": {
							"pre": [0, -59, 0],
							"post": [0, -59, 0],
							"lerp_mode": "catmullrom"
						},
						"2.8": {
							"pre": [0, -50, 0],
							"post": [0, -50, 0],
							"lerp_mode": "catmullrom"
						}
					}
				},
				"top_gills": {
					"rotation": {
						"0.0": {
							"pre": [33, 0, 0],
							"post": [33, 0, 0],
							"lerp_mode": "catmullrom"
						},
						"1.28": {
							"pre": [47.4, 0, 0],
							"post": [47.4, 0, 0],
							"lerp_mode": "catmullrom"
						},
						"1.64": {
							"pre": [47.4, 0, 0],
							"post": [47.4, 0, 0],
							"lerp_mode": "catmullrom"
						},
						"2.8": {
							"pre": [33, 0, 0],
							"post": [33, 0, 0],
							"lerp_mode": "catmullrom"
						}
					}
				}
			}
		},
		"animation.crab.idle_floor_underwater": {
			"loop": true,
			"animation_length": 5.12,
			"bones": {
				"body": {
					"rotation": {
						"0.0": {
							"pre": [0, 0, 0],
							"post": [0, 0, 0],
							"lerp_mode": "catmullrom"
						},
						"5.12": {
							"pre": [0, 0, 0],
							"post": [0, 0, 0],
							"lerp_mode": "catmullrom"
						}
					},
					"position": {
						"0.0": {
							"pre": [0, 1.5, 0],
							"post": [0, 1.5, 0],
							"lerp_mode": "catmullrom"
						},
						"5.12": {
							"pre": [0, 1.5, 0],
							"post": [0, 1.5, 0],
							"lerp_mode": "catmullrom"
						}
					}
				},
				"right_arm": {
					"rotation": {
						"0.0": {
							"pre": [-60, 145, 0],
							"post": [-60, 145, 0],
							"lerp_mode": "catmullrom"
						},
						"5.12": {
							"pre": [-60, 145, 0],
							"post": [-60, 145, 0],
							"lerp_mode": "catmullrom"
						}
					},
					"position": {
						"0.0": {
							"pre": [0.5, 0, 0.5],
							"post": [0.5, 0, 0.5],
							"lerp_mode": "catmullrom"
						},
						"5.12": {
							"pre": [0.5, 0, 0.5],
							"post": [0.5, 0, 0.5],
							"lerp_mode": "catmullrom"
						}
					}
				},
				"right_leg": {
					"rotation": {
						"0.0": {
							"pre": [-60, 0, 0],
							"post": [-60, 0, 0],
							"lerp_mode": "catmullrom"
						},
						"5.12": {
							"pre": [-57.5, 0, 2.5],
							"post": [-57.5, 0, 2.5],
							"lerp_mode": "catmullrom"
						}
					}
				},
				"left_arm": {
					"rotation": {
						"0.0": {
							"pre": [-60, 215, 0],
							"post": [-60, 215, 0],
							"lerp_mode": "catmullrom"
						},
						"5.12": {
							"pre": [-60, 215, 0],
							"post": [-60, 215, 0],
							"lerp_mode": "catmullrom"
						}
					},
					"position": {
						"0.0": {
							"pre": [-0.5, 0, 0.5],
							"post": [-0.5, 0, 0.5],
							"lerp_mode": "catmullrom"
						},
						"5.12": {
							"pre": [-0.5, 0, 0.5],
							"post": [-0.5, 0, 0.5],
							"lerp_mode": "catmullrom"
						}
					}
				},
				"left_leg": {
					"rotation": {
						"0.0": {
							"pre": [-60, 0, 0],
							"post": [-60, 0, 0],
							"lerp_mode": "catmullrom"
						},
						"5.12": {
							"pre": [-57.5, 0, -2.5],
							"post": [-57.5, 0, -2.5],
							"lerp_mode": "catmullrom"
						}
					}
				},
				"tail": {
					"rotation": {
						"0.0": {
							"pre": [0, 15, 0],
							"post": [0, 15, 0],
							"lerp_mode": "catmullrom"
						},
						"2.56": {
							"pre": [0, -18.8, 0],
							"post": [0, -18.8, 0],
							"lerp_mode": "catmullrom"
						},
						"5.12": {
							"pre": [0, 15, 0],
							"post": [0, 15, 0],
							"lerp_mode": "catmullrom"
						}
					}
				},
				"left_gills": {
					"rotation": {
						"0.0": {
							"pre": [0, -25.6, 0],
							"post": [0, -25.6, 0],
							"lerp_mode": "catmullrom"
						},
						"3.12": {
							"pre": [0, 15.8, 0],
							"post": [0, 15.8, 0],
							"lerp_mode": "catmullrom"
						},
						"5.12": {
							"pre": [0, -25.6, 0],
							"post": [0, -25.6, 0],
							"lerp_mode": "catmullrom"
						}
					}
				},
				"right_gills": {
					"rotation": {
						"0.0": {
							"pre": [0, 22.5, 0],
							"post": [0, 22.5, 0],
							"lerp_mode": "catmullrom"
						},
						"2.08": {
							"pre": [0, -25.9, 0],
							"post": [0, -25.9, 0],
							"lerp_mode": "catmullrom"
						},
						"5.12": {
							"pre": [0, 22.5, 0],
							"post": [0, 22.5, 0],
							"lerp_mode": "catmullrom"
						}
					}
				},
				"top_gills": {
					"rotation": {
						"0.0": {
							"pre": [-19, 0, 0],
							"post": [-19, 0, 0],
							"lerp_mode": "catmullrom"
						},
						"2.56": {
							"pre": [12.3, 0, 0],
							"post": [12.3, 0, 0],
							"lerp_mode": "catmullrom"
						},
						"5.12": {
							"pre": [-19, 0, 0],
							"post": [-19, 0, 0],
							"lerp_mode": "catmullrom"
						}
					}
				}
			}
		},
		"animation.crab.swim": {
			"loop": true,
			"animation_length": 1,
			"bones": {
				"body": {
					"rotation": {
						"0.0": [8.3, 0, 0],
						"0.24": [11.83, 0, 0],
						"0.68": [-7.5, 0, 0],
						"0.96": [6.84, 0, 0]
					},
					"position": {
						"0.0": [0, 0, 0],
						"0.52": [0, -1, 0],
						"0.96": [0, -0.05, 0]
					}
				},
				"right_arm": {
					"rotation": {
						"0.0": [158.17447, 298.94448, -190.47703],
						"0.52": [118.13788, 270.21401, -201.71969],
						"0.96": [158.1745, 298.9445, -190.477]
					},
					"position": [1, 0, 0]
				},
				"right_leg": {
					"rotation": {
						"0.0": [-97.5, 87.5, -90],
						"0.28": [-97.5, 107.5, -90],
						"0.76": [-97.5, 68.71, -90],
						"0.96": [-97.5, 84.79, -90]
					}
				},
				"left_arm": {
					"rotation": {
						"0.0": [72.5, -80, -95],
						"0.52": [72.5, -110, -95],
						"0.96": [72.5, -81.64, -95]
					}
				},
				"left_leg": {
					"rotation": {
						"0.0": [-97.5, -87.5, 90],
						"0.28": [-97.5, -108.75, 90],
						"0.76": [-97.5, -69.96, 90],
						"0.96": [-97.5, -84.94, 90]
					}
				},
				"tail": {
					"rotation": {
						"0.0": [0, 15, 0],
						"0.52": [0, -15, 0],
						"0.96": [0, 13.36, 0]
					}
				},
				"head": {
					"rotation": {
						"0.0": [-7.5, 0, 0],
						"0.28": [-13.9, 0, 0],
						"0.72": [14.23, 0, 0],
						"0.96": [-5.1, 0, 0]
					}
				},
				"left_gills": {
					"rotation": {
						"0.0": [0, -72, 0],
						"0.2": [0, -79.9, 0],
						"0.64": [0, -38.1, 0],
						"0.96": [0, -69.31, 0]
					}
				},
				"right_gills": {
					"rotation": {
						"0.0": [0, 72, 0],
						"0.2": [0, 86.5, 0],
						"0.64": [0, 26.7, 0],
						"0.96": [0, 68.38, 0]
					}
				},
				"top_gills": {
					"rotation": {
						"0.0": [-57, 0, 0],
						"0.2": [-68.7, 0, 0],
						"0.64": [-24.2, 0, 0],
						"0.96": [-54.37, 0, 0]
					}
				}
			}
		},
		"animation.crab.walk_floor": {
			"loop": true,
			"animation_length": 2.72,
			"bones": {
				"body": {
					"rotation": {
						"0.0": [0, 0, 0],
						"2.72": [0, 0, 0]
					}
				},
				"right_arm": {
					"rotation": {
						"0.0": {
							"post": [77.5, 35, 0],
							"lerp_mode": "catmullrom"
						},
						"1.32": {
							"post": [77.5, -22.5, 0],
							"lerp_mode": "catmullrom"
						},
						"2.72": {
							"post": [77.5, 35, 0],
							"lerp_mode": "catmullrom"
						}
					},
					"position": {
						"0.0": {
							"post": [0.5, 0, 0],
							"lerp_mode": "catmullrom"
						},
						"2.72": {
							"post": [0.5, 0, 0],
							"lerp_mode": "catmullrom"
						}
					}
				},
				"right_leg": {
					"rotation": {
						"0.0": {
							"post": [-77.5, -25, 0],
							"lerp_mode": "catmullrom"
						},
						"1.32": {
							"post": [-77.5, 22.5, 0],
							"lerp_mode": "catmullrom"
						},
						"2.72": {
							"post": [-77.5, -25, 0],
							"lerp_mode": "catmullrom"
						}
					},
					"position": {
						"0.0": {
							"post": [0.5, 0, 0],
							"lerp_mode": "catmullrom"
						},
						"2.72": {
							"post": [0.5, 0, 0],
							"lerp_mode": "catmullrom"
						}
					}
				},
				"left_arm": {
					"rotation": {
						"0.0": {
							"post": [106.60435, -24.01391, 25.82752],
							"lerp_mode": "catmullrom"
						},
						"1.32": {
							"post": [-64.33119, -14.46763, -144.17661],
							"lerp_mode": "catmullrom"
						},
						"2.72": {
							"post": [106.60435, -24.01391, 25.82752],
							"lerp_mode": "catmullrom"
						}
					},
					"position": {
						"0.0": {
							"post": [-0.5, 0, 0],
							"lerp_mode": "catmullrom"
						},
						"2.72": {
							"post": [-0.5, 0, 0],
							"lerp_mode": "catmullrom"
						}
					}
				},
				"left_leg": {
					"rotation": {
						"0.0": {
							"post": [-77.5, -30, 0],
							"lerp_mode": "catmullrom"
						},
						"1.32": {
							"post": [-77.5, 15, 0],
							"lerp_mode": "catmullrom"
						},
						"2.72": {
							"post": [-77.5, -30, 0],
							"lerp_mode": "catmullrom"
						}
					},
					"position": {
						"0.0": {
							"post": [-0.5, 0, 0],
							"lerp_mode": "catmullrom"
						},
						"2.72": {
							"post": [-0.5, 0, 0],
							"lerp_mode": "catmullrom"
						}
					}
				},
				"tail": {
					"rotation": {
						"0.0": {
							"post": [0, -10, 0],
							"lerp_mode": "catmullrom"
						},
						"1.32": {
							"post": [0, 10, 0],
							"lerp_mode": "catmullrom"
						},
						"2.72": {
							"post": [0, -10, 0],
							"lerp_mode": "catmullrom"
						}
					}
				},
				"head": {
					"rotation": {
						"0.0": {
							"post": [0, -7.5, 0],
							"lerp_mode": "catmullrom"
						},
						"1.32": {
							"post": [0, 6.7, 0],
							"lerp_mode": "catmullrom"
						},
						"2.72": {
							"post": [0, -7.5, 0],
							"lerp_mode": "catmullrom"
						}
					}
				},
				"left_gills": {
					"rotation": {
						"0.0": {
							"post": [0, 38.1, 0],
							"lerp_mode": "catmullrom"
						},
						"1.08": {
							"post": [0, 45.6, 0],
							"lerp_mode": "catmullrom"
						},
						"1.44": {
							"post": [0, 45.6, 0],
							"lerp_mode": "catmullrom"
						},
						"2.72": {
							"post": [0, 38.1, 0],
							"lerp_mode": "catmullrom"
						}
					}
				},
				"right_gills": {
					"rotation": {
						"0.0": {
							"post": [0, -50, 0],
							"lerp_mode": "catmullrom"
						},
						"1.08": {
							"post": [0, -59, 0],
							"lerp_mode": "catmullrom"
						},
						"1.36": {
							"post": [0, -59, 0],
							"lerp_mode": "catmullrom"
						},
						"2.72": {
							"post": [0, -50, 0],
							"lerp_mode": "catmullrom"
						}
					}
				},
				"top_gills": {
					"rotation": {
						"0.0": {
							"post": [33, 0, 0],
							"lerp_mode": "catmullrom"
						},
						"1.08": {
							"post": [47.4, 0, 0],
							"lerp_mode": "catmullrom"
						},
						"1.44": {
							"post": [47.4, 0, 0],
							"lerp_mode": "catmullrom"
						},
						"2.72": {
							"post": [33, 0, 0],
							"lerp_mode": "catmullrom"
						}
					}
				}
			}
		},
		"animation.crab.walk_floor_underwater": {
			"loop": true,
			"animation_length": 2.04,
			"bones": {
				"body": {
					"rotation": {
						"0.0": {
							"post": [0, -5, 6],
							"lerp_mode": "catmullrom"
						},
						"1.04": {
							"post": [0, 5, -1],
							"lerp_mode": "catmullrom"
						},
						"2.04": {
							"post": [0, -5, 6],
							"lerp_mode": "catmullrom"
						}
					},
					"position": {
						"0.0": {
							"post": [0, 1.5, 0],
							"lerp_mode": "catmullrom"
						},
						"2.04": {
							"post": [0, 1.5, 0],
							"lerp_mode": "catmullrom"
						}
					}
				},
				"right_arm": {
					"rotation": {
						"0.0": {
							"post": [45, -52.5, 0],
							"lerp_mode": "catmullrom"
						},
						"0.72": {
							"post": [56.72, 2.34, 0],
							"lerp_mode": "catmullrom"
						},
						"1.44": {
							"post": [52.5, 45, 0],
							"lerp_mode": "catmullrom"
						},
						"2.04": {
							"post": [45, -52.5, 0],
							"lerp_mode": "catmullrom"
						}
					},
					"position": {
						"0.0": {
							"post": [0, 0, 0],
							"lerp_mode": "catmullrom"
						},
						"1.44": {
							"post": [1, 0, 0],
							"lerp_mode": "catmullrom"
						},
						"2.04": {
							"post": [0, 0, 0],
							"lerp_mode": "catmullrom"
						}
					}
				},
				"right_leg": {
					"rotation": {
						"0.0": {
							"post": [-40, 55, 0],
							"lerp_mode": "catmullrom"
						},
						"0.72": {
							"post": [-55, -35, 0],
							"lerp_mode": "catmullrom"
						},
						"1.44": {
							"post": [-54.99, 10.03, 0],
							"lerp_mode": "catmullrom"
						},
						"2.04": {
							"post": [-40, 55, 0],
							"lerp_mode": "catmullrom"
						}
					},
					"position": {
						"0.0": {
							"post": [1, 0, 0],
							"lerp_mode": "catmullrom"
						},
						"0.72": {
							"post": [0, 0, 0],
							"lerp_mode": "catmullrom"
						},
						"2.04": {
							"post": [1, 0, 0],
							"lerp_mode": "catmullrom"
						}
					}
				},
				"left_arm": {
					"rotation": {
						"0.0": [180, -62.5, 35],
						"0.68": [80.09929, -12.09635, -32.89001],
						"2.04": [180, -62.5, 35]
					},
					"position": [0.6, 0, 0.2]
				},
				"left_leg": {
					"rotation": {
						"0.0": {
							"post": [-62.5, 35, 0],
							"lerp_mode": "catmullrom"
						},
						"0.72": {
							"post": [-46.87, -15.62, 0],
							"lerp_mode": "catmullrom"
						},
						"1.44": {
							"post": [-52.5, -55, 0],
							"lerp_mode": "catmullrom"
						},
						"2.04": {
							"post": [-62.5, 35, 0],
							"lerp_mode": "catmullrom"
						}
					},
					"position": {
						"0.0": {
							"post": [-0.5, 0, 0],
							"lerp_mode": "catmullrom"
						},
						"1.44": {
							"post": [-0.5, 0, 0],
							"lerp_mode": "catmullrom"
						},
						"2.04": {
							"post": [-0.5, 0, 0],
							"lerp_mode": "catmullrom"
						}
					}
				},
				"tail": {
					"rotation": {
						"0.0": {
							"post": [0, 15, 0],
							"lerp_mode": "catmullrom"
						},
						"2.04": {
							"post": [0, 15, 0],
							"lerp_mode": "catmullrom"
						}
					}
				},
				"head": {
					"rotation": {
						"0.0": {
							"post": [0, 4, -5.8],
							"lerp_mode": "catmullrom"
						},
						"1.04": {
							"post": [0, -4, 5],
							"lerp_mode": "catmullrom"
						},
						"2.04": {
							"post": [0, 4, -5.8],
							"lerp_mode": "catmullrom"
						}
					}
				},
				"left_gills": {
					"rotation": {
						"0.0": {
							"post": [0, -60, 0],
							"lerp_mode": "catmullrom"
						},
						"1.24": {
							"post": [0, -45, 0],
							"lerp_mode": "catmullrom"
						},
						"2.04": {
							"post": [0, -60, 0],
							"lerp_mode": "catmullrom"
						}
					}
				},
				"right_gills": {
					"rotation": {
						"0.0": {
							"post": [0, 38, 0],
							"lerp_mode": "catmullrom"
						},
						"0.64": {
							"post": [0, 53, 0],
							"lerp_mode": "catmullrom"
						},
						"2.04": {
							"post": [0, 38, 0],
							"lerp_mode": "catmullrom"
						}
					}
				},
				"top_gills": {
					"rotation": {
						"0.0": {
							"post": [-34, 0, 0],
							"lerp_mode": "catmullrom"
						},
						"1.04": {
							"post": [-41.5, 0, 0],
							"lerp_mode": "catmullrom"
						},
						"2.04": {
							"post": [-34, 0, 0],
							"lerp_mode": "catmullrom"
						}
					}
				}
			}
		},
		"animation.crab.play_dead": {
			"loop": true,
			"bones": {
				"body": {
					"rotation": [0, 0, 45]
				},
				"head": {
					"rotation": [0, 0, 45]
				}
			}
		},
		"animation.crab.swim_angle": {
			"loop": true,
			"bones": {
				"body": {
					"rotation": ["variable.pitch", 0, 0]
				}
			}
		}
	}
}