{ "namespace": "cui-servers_section",
  "root_contents": {
    "type": "panel",
    "$scrolling_content": "cui-servers_section.core_element",
    "controls": [
      { "@cui-play_screen.general_scroll_contents": {}}
  ]},
  "server_item_template": {
    "type": "stack_panel",
    "size": [ "100%", 30 ],
    "orientation": "horizontal",
    "use_child_anchors": true,
    "$cuiv:is_public_server|default": false,
    "controls": [
      { "servers_item_button@cui-button.text_button": {
          "$cuiv:button_type_panel": "cui-servers_section.server_button_content_panel",
          "size": [ "fill", 30 ],
          "$pressed_button_name": "button.menu_network_world_item",
          "layer": 4,
          "bindings": [
            { "binding_type": "collection_details",
              "binding_collection_name": "$collection_name"
          }]
      }},
      { "padding_03": { "type": "panel", "size": [ 2, 2 ],
        "bindings": [
          { "binding_type": "view",
            "source_control_name": "cuib-edit_mode",
            "source_property_name": "#toggle_state",
            "target_property_name": "#visible"
          }]
      }},
      { "server_edit_button@cui-button.text_button": {
          "ignored": "(not $cuiv:is_public_server)",
          "$cuiv:button_type_panel": "play.edit_icon",
          "size": [ 30, 30 ],
          "$pressed_button_name": "button.menu_network_server_world_edit",
          "layer": 4,
          "bindings": [
            { "binding_type": "view",
              "source_control_name": "cuib-edit_mode",
              "source_property_name": "#toggle_state",
              "target_property_name": "#visible"
            },
            { "binding_type": "collection_details",
              "binding_collection_name": "$collection_name"
          }]
      }}
  ]},
  "server_button_content_panel": {
    "type": "stack_panel",
    "orientation": "horizontal",
    "size": [ "100%", "100% - 4px" ],
    "controls": [
      { "server_icons_core": {
          "type": "panel",
          "size": [ 52, "100%" ],
          "ignored": "$cuiv:is_public_server",
          "controls": [
            { "server_icons": {
                "type": "image",
                "layer": 5,
                "size": [ 52, "100% + 8px" ],
                "fill": true,
                "bindings": [
                  { "binding_name": "#third_party_server_logo_texture_path",
                    "binding_type": "collection",
                    "binding_name_override": "#texture",
                    "binding_collection_name": "$collection_name"
                  },
                  { "binding_name": "#third_party_server_logo_resource_location",
                    "binding_type": "collection",
                    "binding_name_override": "#texture_file_system",
                    "binding_collection_name": "$collection_name"
                  },
                  { "binding_name": "#third_party_server_logo_resource_location",
                    "binding_name_override": "#texture_file_system"
                }]
          }}]
      }},
      { "pudding_01": { "type": "panel", "size": [ 4, 2 ]}},
      { "text_element_core": {
          "type": "panel",
          "size": [ "fill", "100%" ],
          "controls": [
            { "header": {
                "type": "label",
                "layer": 1,
                "size": [ "100%", 10 ],
                "anchor_from": "top_left",
                "anchor_to": "top_left",
                "text": "#network_world_header",
                "color": "$cuigv:FontPrimaryColor",
                "bindings": [
                  { "binding_name": "#network_world_header",
                    "binding_type": "collection",
                    "binding_collection_name": "$collection_name"
                }]
            }},
            { "description": {
                "type": "label",
                "layer": 1,
                "size": [ "100%", 10 ],
                "anchor_from": "bottom_left",
                "anchor_to": "bottom_left",
                "font_size": "small",
                "text": "#network_world_details",
                "bindings": [
                  { "binding_name": "#network_world_details",
                    "binding_type": "collection",
                    "binding_collection_name": "$collection_name"
                }]
          }}]
      }},
      { "player_count": {
          "type": "panel",
          "size": [ "100%c", "100%" ],
          "controls": [
            { "player_count": {
                "type": "label",
                "text": "#server_player_count",
                "layer": 1,
                "anchor_from": "right_middle",
                "anchor_to": "right_middle",
                "color": "$cuigv:FontSecondaryColor",
                "size": [ "default", 10 ],
                "bindings": [
                  { "binding_type": "collection",
                    "binding_name": "#server_player_count",
                    "binding_collection_name": "$collection_name"
                  }
            ]}}
      ]}},
      { "pudding_02": { "type": "panel", "size": [ 4, 1 ]}},
      { "ping_rate_icon@play.ping_rate_icon": {}}
  ]},
  "add_server_toggle_button@cui-toggle.text_toggle": {
    "visible": "(not $ignore_add_servers)",
    "size": [ "100% - 8px", 30 ],
    "layer": 2,
    "$cuiv:button_text": "networkWorld.add_server",
    "$radio_toggle_group": true,
    "$toggle_name": "server_navigation_toggle",
    "$toggle_view_binding_name": "add_server_toggle_button",
    "$toggle_state_binding_name": "#toggle_state",
    "$toggle_on_hover_binding_name": "none",
    "$toggle_tab_focus_binding_type": "global",
    "$toggle_tab_focus_binding_name": "#navigation_tab_focus_precedence",
    "$toggle_group_forced_index": 100,
    "$focus_override_up": "left_panel",
    "bindings": [
      { "binding_name": "#add_server_enabled",
        "binding_name_override": "#enabled"
  }]},
  "core_element": {
    "type": "stack_panel",
    "orientation": "vertical",
    "size": [ "100%", "100%c" ],
    "use_child_anchors": true,
    "$cuiv:subbutton": true,
    "controls": [
      { "control_centre_label@cui-common.header": { "$cuiv:header_text": "cui.play.controllcentre" }},
      { "padding_00": { "type": "panel", "size": [ "100%", 2 ]}},
      { "add_server_button@cui-servers_section.add_server_toggle_button": {}},
      { "padding_01": { "type": "panel", "size": [ "100%", 2 ]}},
      { "feature_server_failure": {
          "type": "stack_panel",
          "orientation": "vertical",
          "size": [ "100%", "100%c" ],
          "use_child_anchors": true,
          "bindings": [
            { "binding_name": "#feature_server_message_visible",
              "binding_name_override": "#visible"
          }],
          "controls": [
            { "feature_server_failure@cui-common.header": { "$cuiv:header_text": "thirdPartyWorld.Featured" }},
            { "padding_01": { "type": "panel", "size": [ "100%", 2 ]}},
            { "feature_server_message_panel@play.dark_label_background": {
                "size": [ "100% - 8px", "100%c" ],
                "controls": [
                  { "label_panel_layout": {
                      "type": "panel",
                      "size": [ "97%", "100%c + 8px" ],
                      "controls": [
                        { "label": {
                            "type": "label",
                            "$information_label_font|default": "default",
                            "font_type": "smooth",
                            "layer": 1,
                            "shadow": false,
                            "text": "#feature_server_message_text",
                            "bindings": [
                              { "binding_name": "#feature_server_message_text" }
                        ]}}
                  ]}}
            ]}}
      ]}},
      { "servers_crossplatform_disabled_panel@play.crossplatform_disabled_panel": { "$cross_platform_information_text": "crossPlatformToggle.crossPlatformDisabled.servers" }},
      { "no_featured_server_connection@play.information_panel": {
          "size": [ "100% - 8px", "default" ],
          "ignored": "(not $is_ps4)",
          "$information_label_font": "smooth",
          "$information_panel_label_text": "#internet_connection_text",
          "$information_panel_label_text_binding_type": "global",
          "$information_panel_label_text_binding_condition": "always_when_visible",
          "bindings": [
            { "binding_name": "(not #is_network_available)",
              "binding_name_override": "#visible"
          }]
      }},
      { "padding_02": { "type": "panel", "size": [ "100%", 2 ]}},
      { "public_servers_panel": {
          "type": "stack_panel",
          "size": [ "100%", "100%c" ],
          "ignored": "$ignore_3rd_party_servers",
          "$third_party_featured_servers": "thirdPartyWorld.Featured",
          "$focus_id": "featured_servers_panel",
          "use_child_anchors": true,
          "controls": [
            { "padding_00": { "type": "panel", "size": [ "100%", 2 ]}},
            { "featured_servers_label@cui-common.header": { "$cuiv:header_text": "thirdPartyWorld.Additional" }},
            { "padding_00": { "type": "panel", "size": [ "100%", 2 ]}},
            { "third_party_featured_grid@play.more_servers_grid": {
                "size": [ "100% - 8px", "default" ],
                "anchor_from": "center",
                "anchor_to": "center",
                "$cuiv:is_public_server": true,
                "$tts_section_header": "networkWorld.more_servers",
                "grid_item_template": "cui-servers_section.server_item_template"
            }},
            { "padding_01": { "type": "panel", "size": [ "100%", 2 ]}}
          ],
          "bindings": [
            { "binding_name": "#is_additional_server_label_visible",
              "binding_name_override": "#visible"
            }
      ]}},
      { "featured_servers_panel": {
          "type": "stack_panel",
          "size": [ "100%", "100%c" ],
          "ignored": "$ignore_3rd_party_servers",
          "$third_party_featured_servers": "thirdPartyWorld.Featured",
          "$focus_id": "featured_servers_panel",
          "use_child_anchors": true,
          "controls": [
            { "padding_00": { "type": "panel", "size": [ "100%", 2 ]}},
            { "loading_featured_panel@play.label_background": {
                "size": [ "100%", 40 ],
                "controls": [
                  { "loading_friends_realms_label@play.light_loading_label": { "$label_text": "thirdPartyWorld.loadingFeaturedServers" }},
                  { "loading_featured_servers_panel@play.loading_featured_servers_panel": {}
                }],
                "bindings": [
                  { "binding_name": "#loading_servers_progress_visible",
                    "binding_name_override": "#visible"
                }]
            }},
            { "padding_01": { "type": "panel", "size": [ "100%", 2 ]}},
            { "featured_servers_label@cui-common.header": { "$cuiv:header_text": "thirdPartyWorld.Featured" }},
            { "padding_01": { "type": "panel", "size": [ "100%", 2 ]}},
            { "third_party_featured_grid@play.third_party_featured_server_grid": {
                "size": [ "100% - 8px", "default" ],
                "anchor_from": "center",
                "anchor_to": "center",
                "$tts_section_header": "thirdPartyWorld.Featured",
                "grid_item_template": "cui-servers_section.server_item_template"
            }},
            { "close_fs@cui-toggle.toggle_button": {
                "size": [ "100%", 30 ],
                "$cuiv:button_type_panel": "cui-start_screen.button_label",
                "$cuiv:hover_button_color": "$cuigv:PrimaryColor",
                "$cuiv:pressed_button_color": "$cuigv:PrimaryColor",
                "$cuiv:button_text": "cui.play.hidefeaturedserver",
                "$cuiv:button_image_texture": "textures/ui/.cui-assets/.icons/setting_icon",
                "$cuiv:button_image_anchor": "left_middle",
                "$cuiv:button_image_offset": [ 8, -0.5 ],
                "$cuiv:button_text_anchor": "left_middle",
                "$cuiv:button_text_offset": [ 30, 0 ],
                
                "$toggle_view_binding_name": "cuib-toggle_fs",
                "$toggle_name": "toggle_fs",
                "$toggle_group_forced_index": 2,
                "$radio_toggle_group": true,
                "$toggle_group_default_selected": 0
            }}
          ],
          "bindings": [
            { "binding_type": "view",
              "source_control_name": "cuib-toggle_fs",
              "source_property_name": "#toggle_state",
              "target_property_name": "#visible"
            }
      ]}},
      { "open_fs@cui-toggle.toggle_button": {
          "size": [ "100%", 30 ],
          "$cuiv:button_type_panel": "cui-start_screen.button_label",
          "$cuiv:hover_button_color": "$cuigv:PrimaryColor",
          "$cuiv:pressed_button_color": "$cuigv:PrimaryColor",
          "$cuiv:button_text": "cui.play.viewfeaturedserver",
          "$cuiv:button_image_texture": "textures/ui/.cui-assets/.icons/setting_icon",
          "$cuiv:button_image_anchor": "left_middle",
          "$cuiv:button_image_offset": [ 8, -0.5 ],
          "$cuiv:button_text_anchor": "left_middle",
          "$cuiv:button_text_offset": [ 30, 0 ],
          "$toggle_view_binding_name": "cuib-toggle_fs",
          "$radio_toggle_group": true,
          "$toggle_name": "toggle_fs",
          "$toggle_group_forced_index": 1,
          "$toggle_group_default_selected": 0,
          "bindings": [
            { "binding_type": "view",
              "source_control_name": "cuib-toggle_fs",
              "source_property_name": "(not #toggle_state)",
              "target_property_name": "#visible"
          }]
      }},
      { "padding_02": { "type": "panel", "size": [ "100%", 2 ]}}
]}}